name,uri,era
Qing dynasty (1644-1912),http://buct-kg.org/resource/period/Qing_dynasty_1644_1912,Imperial China
Yuan dynasty (1271-1368),http://buct-kg.org/resource/period/Yuan_dynasty_1271_1368,Imperial China
Unknown,http://buct-kg.org/resource/period/Unknown,Unknown
Early Ptolemaic Period,http://buct-kg.org/resource/period/Early_Ptolemaic_Period,Unknown
Ming dynasty (1368-1644),http://buct-kg.org/resource/period/Ming_dynasty_1368_1644,Imperial China
Bronze Age,http://buct-kg.org/resource/period/Bronze_Age,Unknown
Northern Wei dynasty (386-534),http://buct-kg.org/resource/period/Northern_Wei_dynasty_386_534,Unknown
Kamakura period (1185-1333),http://buct-kg.org/resource/period/Kamakura_period_1185_1333,Medieval Japan
Middle Kingdom,http://buct-kg.org/resource/period/Middle_Kingdom,Unknown
Tang dynasty (c. 794),http://buct-kg.org/resource/period/Tang_dynasty_c_794,Unknown
"New Kingdom, Ramesside",http://buct-kg.org/resource/period/New_Kingdom_Ramesside,Unknown
Tang dynasty (618-907),http://buct-kg.org/resource/period/Tang_dynasty_618_907,Imperial China
Yuan dynasty (c. 1336),http://buct-kg.org/resource/period/Yuan_dynasty_c_1336,Unknown
Edo period (1603-1868),http://buct-kg.org/resource/period/Edo_period_1603_1868,Early Modern Japan
16th century,http://buct-kg.org/resource/period/16th_century,Unknown
Beginning of the 20th century,http://buct-kg.org/resource/period/Beginning_of_the_20th_century,Unknown
4th millennium BC,http://buct-kg.org/resource/period/4th_millennium_BC,Unknown
Qing dynasty (c. 2025),http://buct-kg.org/resource/period/Qing_dynasty_c_2025,Unknown
Qing dynasty (c. 2024),http://buct-kg.org/resource/period/Qing_dynasty_c_2024,Unknown
Qing dynasty (c. 2023),http://buct-kg.org/resource/period/Qing_dynasty_c_2023,Unknown
Qing dynasty (c. 2022),http://buct-kg.org/resource/period/Qing_dynasty_c_2022,Unknown
Qing dynasty (c. 2021),http://buct-kg.org/resource/period/Qing_dynasty_c_2021,Unknown
Qing dynasty (c. 2020),http://buct-kg.org/resource/period/Qing_dynasty_c_2020,Unknown
Qing dynasty (c. 2019),http://buct-kg.org/resource/period/Qing_dynasty_c_2019,Unknown
Qing dynasty (c. 2018),http://buct-kg.org/resource/period/Qing_dynasty_c_2018,Unknown
Qing dynasty (c. 2017),http://buct-kg.org/resource/period/Qing_dynasty_c_2017,Unknown
Qing dynasty (c. 2016),http://buct-kg.org/resource/period/Qing_dynasty_c_2016,Unknown
Qing dynasty (c. 2015),http://buct-kg.org/resource/period/Qing_dynasty_c_2015,Unknown
Qing dynasty (c. 2014),http://buct-kg.org/resource/period/Qing_dynasty_c_2014,Unknown
Qing dynasty (c. 2013),http://buct-kg.org/resource/period/Qing_dynasty_c_2013,Unknown
Qing dynasty (c. 2012),http://buct-kg.org/resource/period/Qing_dynasty_c_2012,Unknown
Qing dynasty (c. 2011),http://buct-kg.org/resource/period/Qing_dynasty_c_2011,Unknown
Qing dynasty (c. 1989),http://buct-kg.org/resource/period/Qing_dynasty_c_1989,Unknown
Qing dynasty (c. 1876),http://buct-kg.org/resource/period/Qing_dynasty_c_1876,Unknown
Qing dynasty (c. 1820),http://buct-kg.org/resource/period/Qing_dynasty_c_1820,Unknown
Qing dynasty (c. 1879),http://buct-kg.org/resource/period/Qing_dynasty_c_1879,Unknown
Qing dynasty (c. 1815),http://buct-kg.org/resource/period/Qing_dynasty_c_1815,Unknown
Qing dynasty (c. 1980),http://buct-kg.org/resource/period/Qing_dynasty_c_1980,Unknown
Qing dynasty (c. 1945),http://buct-kg.org/resource/period/Qing_dynasty_c_1945,Unknown
Qing dynasty (c. 1891),http://buct-kg.org/resource/period/Qing_dynasty_c_1891,Unknown
Qing dynasty (c. 1858),http://buct-kg.org/resource/period/Qing_dynasty_c_1858,Unknown
Qing dynasty (c. 1893),http://buct-kg.org/resource/period/Qing_dynasty_c_1893,Unknown
Qing dynasty (c. 1957),http://buct-kg.org/resource/period/Qing_dynasty_c_1957,Unknown
Qing dynasty (c. 1857),http://buct-kg.org/resource/period/Qing_dynasty_c_1857,Unknown
Qing dynasty (c. 1843),http://buct-kg.org/resource/period/Qing_dynasty_c_1843,Unknown
Qing dynasty (c. 2008),http://buct-kg.org/resource/period/Qing_dynasty_c_2008,Unknown
Qing dynasty (c. 1716),http://buct-kg.org/resource/period/Qing_dynasty_c_1716,Unknown
Qing dynasty (c. 1878),http://buct-kg.org/resource/period/Qing_dynasty_c_1878,Unknown
Qing dynasty (c. 1971),http://buct-kg.org/resource/period/Qing_dynasty_c_1971,Unknown
Qing dynasty (c. 1932),http://buct-kg.org/resource/period/Qing_dynasty_c_1932,Unknown
n.d.,http://buct-kg.org/resource/period/n_d,Unknown
Qing dynasty (c. 1894),http://buct-kg.org/resource/period/Qing_dynasty_c_1894,Unknown
Qing dynasty (c. 1940),http://buct-kg.org/resource/period/Qing_dynasty_c_1940,Unknown
Qing dynasty (c. 1882),http://buct-kg.org/resource/period/Qing_dynasty_c_1882,Unknown
Qing dynasty (c. 1770),http://buct-kg.org/resource/period/Qing_dynasty_c_1770,Unknown
Qing dynasty (c. 1946),http://buct-kg.org/resource/period/Qing_dynasty_c_1946,Unknown
Qing dynasty (c. 1982),http://buct-kg.org/resource/period/Qing_dynasty_c_1982,Unknown
Qing dynasty (c. 1944),http://buct-kg.org/resource/period/Qing_dynasty_c_1944,Unknown
Qing dynasty (c. 1920),http://buct-kg.org/resource/period/Qing_dynasty_c_1920,Unknown
Qing dynasty (c. 1844),http://buct-kg.org/resource/period/Qing_dynasty_c_1844,Unknown
Qing dynasty (c. 1760),http://buct-kg.org/resource/period/Qing_dynasty_c_1760,Unknown
Qing dynasty (c. 1943),http://buct-kg.org/resource/period/Qing_dynasty_c_1943,Unknown
Qing dynasty (c. 1955),http://buct-kg.org/resource/period/Qing_dynasty_c_1955,Unknown
Qing dynasty (c. 1896),http://buct-kg.org/resource/period/Qing_dynasty_c_1896,Unknown
Qing dynasty (c. 1992),http://buct-kg.org/resource/period/Qing_dynasty_c_1992,Unknown
Qing dynasty (c. 1750),http://buct-kg.org/resource/period/Qing_dynasty_c_1750,Unknown
Qing dynasty (c. 1899),http://buct-kg.org/resource/period/Qing_dynasty_c_1899,Unknown
Song dynasty (960-1279),http://buct-kg.org/resource/period/Song_dynasty_960_1279,Imperial China
Song dynasty (c. 1046),http://buct-kg.org/resource/period/Song_dynasty_c_1046,Unknown
Qing dynasty (c. 1960),http://buct-kg.org/resource/period/Qing_dynasty_c_1960,Unknown
Han dynasty (206 BCE-220 CE),http://buct-kg.org/resource/period/Han_dynasty_206_BCE_220_CE,Imperial China
Qing dynasty (c. 1805),http://buct-kg.org/resource/period/Qing_dynasty_c_1805,Unknown
"Western Wei dynasty (A.D. 535–557), dated A.D. 551",http://buct-kg.org/resource/period/Western_Wei_dynasty_A_D_535_557_dated_A_D_551,Unknown
Tang dynasty (c. 770),http://buct-kg.org/resource/period/Tang_dynasty_c_770,Unknown
Qing dynasty (c. 1914),http://buct-kg.org/resource/period/Qing_dynasty_c_1914,Unknown
Qing dynasty (c. 1998),http://buct-kg.org/resource/period/Qing_dynasty_c_1998,Unknown
Qing dynasty (c. 1862),http://buct-kg.org/resource/period/Qing_dynasty_c_1862,Unknown
Qing dynasty (c. 1871),http://buct-kg.org/resource/period/Qing_dynasty_c_1871,Unknown
Qing dynasty (c. 1897),http://buct-kg.org/resource/period/Qing_dynasty_c_1897,Unknown
Qing dynasty (c. 2005),http://buct-kg.org/resource/period/Qing_dynasty_c_2005,Unknown
Song dynasty (c. 1115),http://buct-kg.org/resource/period/Song_dynasty_c_1115,Unknown
Qing dynasty (c. 1994),http://buct-kg.org/resource/period/Qing_dynasty_c_1994,Unknown
Qing dynasty (c. 1721),http://buct-kg.org/resource/period/Qing_dynasty_c_1721,Unknown
"Northern dynasties, 6th century",http://buct-kg.org/resource/period/Northern_dynasties_6th_century,Unknown
Shang dynasty (c. 1600-1046 BCE),http://buct-kg.org/resource/period/Shang_dynasty_c_1600_1046_BCE,Ancient China
Qing dynasty (c. 1930),http://buct-kg.org/resource/period/Qing_dynasty_c_1930,Unknown
Early 20th century,http://buct-kg.org/resource/period/Early_20th_century,Unknown
Qing dynasty (c. 1836),http://buct-kg.org/resource/period/Qing_dynasty_c_1836,Unknown
Sui dynasty (581-618),http://buct-kg.org/resource/period/Sui_dynasty_581_618,Unknown
Qing dynasty (c. 1873),http://buct-kg.org/resource/period/Qing_dynasty_c_1873,Unknown
Warring States period (475-221 BCE),http://buct-kg.org/resource/period/Warring_States_period_475_221_BCE,Unknown
Qing dynasty (c. 1925),http://buct-kg.org/resource/period/Qing_dynasty_c_1925,Unknown
Qing dynasty (c. 1780),http://buct-kg.org/resource/period/Qing_dynasty_c_1780,Unknown
Qing dynasty (c. 1993),http://buct-kg.org/resource/period/Qing_dynasty_c_1993,Unknown
Qing dynasty (c. 1861),http://buct-kg.org/resource/period/Qing_dynasty_c_1861,Unknown
15th century,http://buct-kg.org/resource/period/15th_century,Unknown
Qing dynasty (c. 1831),http://buct-kg.org/resource/period/Qing_dynasty_c_1831,Unknown
Qing dynasty (c. 1834),http://buct-kg.org/resource/period/Qing_dynasty_c_1834,Unknown
Qing dynasty (c. 1874),http://buct-kg.org/resource/period/Qing_dynasty_c_1874,Unknown
Qing dynasty (c. 1875),http://buct-kg.org/resource/period/Qing_dynasty_c_1875,Unknown
Qing dynasty (c. 1765),http://buct-kg.org/resource/period/Qing_dynasty_c_1765,Unknown
Qing dynasty (c. 1859),http://buct-kg.org/resource/period/Qing_dynasty_c_1859,Unknown
Qing dynasty (c. 1860),http://buct-kg.org/resource/period/Qing_dynasty_c_1860,Unknown
Qing dynasty (c. 1927),http://buct-kg.org/resource/period/Qing_dynasty_c_1927,Unknown
Qing dynasty (c. 1828),http://buct-kg.org/resource/period/Qing_dynasty_c_1828,Unknown
Neolithic period,http://buct-kg.org/resource/period/Neolithic_period,Unknown
Qing dynasty (c. 1881),http://buct-kg.org/resource/period/Qing_dynasty_c_1881,Unknown
Tang dynasty (c. 937),http://buct-kg.org/resource/period/Tang_dynasty_c_937,Unknown
Qing dynasty (c. 1924),http://buct-kg.org/resource/period/Qing_dynasty_c_1924,Unknown
Tang dynasty (c. 907),http://buct-kg.org/resource/period/Tang_dynasty_c_907,Unknown
Qing dynasty (c. 2002),http://buct-kg.org/resource/period/Qing_dynasty_c_2002,Unknown
Qing dynasty (c. 1842),http://buct-kg.org/resource/period/Qing_dynasty_c_1842,Unknown
Qing dynasty (c. 1854),http://buct-kg.org/resource/period/Qing_dynasty_c_1854,Unknown
Qing dynasty (c. 1963),http://buct-kg.org/resource/period/Qing_dynasty_c_1963,Unknown
Qing dynasty (c. 1883),http://buct-kg.org/resource/period/Qing_dynasty_c_1883,Unknown
Qing dynasty (c. 1974),http://buct-kg.org/resource/period/Qing_dynasty_c_1974,Unknown
Qing dynasty (c. 1952),http://buct-kg.org/resource/period/Qing_dynasty_c_1952,Unknown
late 2nd millennium B.C.,http://buct-kg.org/resource/period/late_2nd_millennium_B_C,Unknown
Qing dynasty (c. 1921),http://buct-kg.org/resource/period/Qing_dynasty_c_1921,Unknown
Qing dynasty (c. 1956),http://buct-kg.org/resource/period/Qing_dynasty_c_1956,Unknown
Qing dynasty (c. 1965),http://buct-kg.org/resource/period/Qing_dynasty_c_1965,Unknown
Qing dynasty (c. 1885),http://buct-kg.org/resource/period/Qing_dynasty_c_1885,Unknown
Qing dynasty (c. 1942),http://buct-kg.org/resource/period/Qing_dynasty_c_1942,Unknown
Qing dynasty (c. 1962),http://buct-kg.org/resource/period/Qing_dynasty_c_1962,Unknown
Qing dynasty (c. 1934),http://buct-kg.org/resource/period/Qing_dynasty_c_1934,Unknown
Qing dynasty (c. 1884),http://buct-kg.org/resource/period/Qing_dynasty_c_1884,Unknown
Qing dynasty (c. 1889),http://buct-kg.org/resource/period/Qing_dynasty_c_1889,Unknown
Qing dynasty (c. 1970),http://buct-kg.org/resource/period/Qing_dynasty_c_1970,Unknown
Qing dynasty (c. 2004),http://buct-kg.org/resource/period/Qing_dynasty_c_2004,Unknown
Qing dynasty (c. 1848),http://buct-kg.org/resource/period/Qing_dynasty_c_1848,Unknown
"Erlitou period, 1st half of 2nd millennium B.C.",http://buct-kg.org/resource/period/Erlitou_period_1st_half_of_2nd_millennium_B_C,Unknown
Qing dynasty (c. 1888),http://buct-kg.org/resource/period/Qing_dynasty_c_1888,Unknown
Qing dynasty (c. 1906),http://buct-kg.org/resource/period/Qing_dynasty_c_1906,Unknown
Qing dynasty (c. 1870),http://buct-kg.org/resource/period/Qing_dynasty_c_1870,Unknown
Qing dynasty (c. 1855),http://buct-kg.org/resource/period/Qing_dynasty_c_1855,Unknown
Qing dynasty (c. 1745),http://buct-kg.org/resource/period/Qing_dynasty_c_1745,Unknown
Qing dynasty (c. 1898),http://buct-kg.org/resource/period/Qing_dynasty_c_1898,Unknown
Qing dynasty (c. 1901),http://buct-kg.org/resource/period/Qing_dynasty_c_1901,Unknown
Qing dynasty (c. 1785),http://buct-kg.org/resource/period/Qing_dynasty_c_1785,Unknown
Qing dynasty (c. 1880),http://buct-kg.org/resource/period/Qing_dynasty_c_1880,Unknown
Qing dynasty (c. 1866),http://buct-kg.org/resource/period/Qing_dynasty_c_1866,Unknown
"Eastern or Western Wei dynasty, c. mid–5th century (rededicated 594)",http://buct-kg.org/resource/period/Eastern_or_Western_Wei_dynasty_c_mid_5th_century_rededicated_594,Unknown
Qing dynasty (c. 1846),http://buct-kg.org/resource/period/Qing_dynasty_c_1846,Unknown
Qing dynasty (c. 1787),http://buct-kg.org/resource/period/Qing_dynasty_c_1787,Unknown
Qing dynasty (c. 1947),http://buct-kg.org/resource/period/Qing_dynasty_c_1947,Unknown
Qing dynasty (c. 1700),http://buct-kg.org/resource/period/Qing_dynasty_c_1700,Unknown
Qing dynasty (c. 1890),http://buct-kg.org/resource/period/Qing_dynasty_c_1890,Unknown
Qing dynasty (c. 1923),http://buct-kg.org/resource/period/Qing_dynasty_c_1923,Unknown
Qing dynasty (c. 1865),http://buct-kg.org/resource/period/Qing_dynasty_c_1865,Unknown
Qing dynasty (c. 1877),http://buct-kg.org/resource/period/Qing_dynasty_c_1877,Unknown
Qing dynasty (c. 1775),http://buct-kg.org/resource/period/Qing_dynasty_c_1775,Unknown
19th century,http://buct-kg.org/resource/period/19th_century,Unknown
Qing dynasty (c. 1922),http://buct-kg.org/resource/period/Qing_dynasty_c_1922,Unknown
Qing dynasty (c. 1850),http://buct-kg.org/resource/period/Qing_dynasty_c_1850,Unknown
Qing dynasty (c. 1826),http://buct-kg.org/resource/period/Qing_dynasty_c_1826,Unknown
Qing dynasty (c. 1784),http://buct-kg.org/resource/period/Qing_dynasty_c_1784,Unknown
Qing dynasty (c. 1835),http://buct-kg.org/resource/period/Qing_dynasty_c_1835,Unknown
Qing dynasty (c. 1651),http://buct-kg.org/resource/period/Qing_dynasty_c_1651,Unknown
Qing dynasty (c. 1949),http://buct-kg.org/resource/period/Qing_dynasty_c_1949,Unknown
18th/19th century,http://buct-kg.org/resource/period/18th_19th_century,Unknown
Qing dynasty (c. 1867),http://buct-kg.org/resource/period/Qing_dynasty_c_1867,Unknown
Qing dynasty (c. 1904),http://buct-kg.org/resource/period/Qing_dynasty_c_1904,Unknown
Qing dynasty (c. 1644),http://buct-kg.org/resource/period/Qing_dynasty_c_1644,Unknown
Qing dynasty (c. 1818),http://buct-kg.org/resource/period/Qing_dynasty_c_1818,Unknown
Qing dynasty (c. 1895),http://buct-kg.org/resource/period/Qing_dynasty_c_1895,Unknown
Qing dynasty (c. 1845),http://buct-kg.org/resource/period/Qing_dynasty_c_1845,Unknown
Qing dynasty (c. 1900),http://buct-kg.org/resource/period/Qing_dynasty_c_1900,Unknown
Qing dynasty (c. 1951),http://buct-kg.org/resource/period/Qing_dynasty_c_1951,Unknown
Qing dynasty (c. 1853),http://buct-kg.org/resource/period/Qing_dynasty_c_1853,Unknown
Qing dynasty (c. 1907),http://buct-kg.org/resource/period/Qing_dynasty_c_1907,Unknown
Qing dynasty (c. 1959),http://buct-kg.org/resource/period/Qing_dynasty_c_1959,Unknown
Qing dynasty (c. 1863),http://buct-kg.org/resource/period/Qing_dynasty_c_1863,Unknown
6th/4th century B.C.,http://buct-kg.org/resource/period/6th_4th_century_B_C,Unknown
Qing dynasty (c. 1887),http://buct-kg.org/resource/period/Qing_dynasty_c_1887,Unknown
Ming dynasty (c. 1600),http://buct-kg.org/resource/period/Ming_dynasty_c_1600,Unknown
Qing dynasty (c. 1975),http://buct-kg.org/resource/period/Qing_dynasty_c_1975,Unknown
8thC-10thC,http://buct-kg.org/resource/period/8thC_10thC,Unknown
Qing dynasty (c. 1999),http://buct-kg.org/resource/period/Qing_dynasty_c_1999,Unknown
Qing dynasty (c. 1991),http://buct-kg.org/resource/period/Qing_dynasty_c_1991,Unknown
Qing dynasty (c. 5000),http://buct-kg.org/resource/period/Qing_dynasty_c_5000,Unknown
1stC BC,http://buct-kg.org/resource/period/1stC_BC,Unknown
Qing dynasty (c. 2010),http://buct-kg.org/resource/period/Qing_dynasty_c_2010,Unknown
19thC,http://buct-kg.org/resource/period/19thC,Unknown
Ming dynasty (c. 1621),http://buct-kg.org/resource/period/Ming_dynasty_c_1621,Unknown
Qing dynasty (c. 1937),http://buct-kg.org/resource/period/Qing_dynasty_c_1937,Unknown
Living collection,http://buct-kg.org/resource/period/Living_collection,Unknown
c. 490 BCE,http://buct-kg.org/resource/period/c_490_BCE,Unknown
mid-20th century,http://buct-kg.org/resource/period/mid_20th_century,Unknown
Qing dynasty (c. 1948),http://buct-kg.org/resource/period/Qing_dynasty_c_1948,Unknown
Qing dynasty (c. 1950),http://buct-kg.org/resource/period/Qing_dynasty_c_1950,Unknown
Greek period,http://buct-kg.org/resource/period/Greek_period,Ancient Greece
Qing dynasty (c. 2000),http://buct-kg.org/resource/period/Qing_dynasty_c_2000,Unknown
Qing dynasty (c. 1833),http://buct-kg.org/resource/period/Qing_dynasty_c_1833,Unknown
Qing dynasty (c. 1984),http://buct-kg.org/resource/period/Qing_dynasty_c_1984,Unknown
Roman Imperial period (27 BCE-476 CE),http://buct-kg.org/resource/period/Roman_Imperial_period_27_BCE_476_CE,Roman Empire
Qing dynasty (c. 1935),http://buct-kg.org/resource/period/Qing_dynasty_c_1935,Unknown
Early Classic Period,http://buct-kg.org/resource/period/Early_Classic_Period,Unknown
Ming dynasty (c. 1612),http://buct-kg.org/resource/period/Ming_dynasty_c_1612,Unknown
Qing dynasty (c. 1902),http://buct-kg.org/resource/period/Qing_dynasty_c_1902,Unknown
early 20th century,http://buct-kg.org/resource/period/early_20th_century,Unknown
Late Classic Period,http://buct-kg.org/resource/period/Late_Classic_Period,Unknown
early 3rd century CE,http://buct-kg.org/resource/period/early_3rd_century_CE,Unknown
Song dynasty (c. 1140),http://buct-kg.org/resource/period/Song_dynasty_c_1140,Unknown
Qing dynasty (c. 1657),http://buct-kg.org/resource/period/Qing_dynasty_c_1657,Unknown
Ming dynasty (c. 1514),http://buct-kg.org/resource/period/Ming_dynasty_c_1514,Unknown
Qing dynasty (c. 1996),http://buct-kg.org/resource/period/Qing_dynasty_c_1996,Unknown
early to mid-20th century,http://buct-kg.org/resource/period/early_to_mid_20th_century,Unknown
Late Intermediate Period,http://buct-kg.org/resource/period/Late_Intermediate_Period,Unknown
Early Intermediate Period,http://buct-kg.org/resource/period/Early_Intermediate_Period,Unknown
Qing dynasty (c. 1966),http://buct-kg.org/resource/period/Qing_dynasty_c_1966,Unknown
Qing dynasty (c. 1788),http://buct-kg.org/resource/period/Qing_dynasty_c_1788,Unknown
late 19th–early 20th century,http://buct-kg.org/resource/period/late_19th_early_20th_century,Unknown
Qing dynasty (c. 2009),http://buct-kg.org/resource/period/Qing_dynasty_c_2009,Unknown
Late Formative Period to Early Classic Period,http://buct-kg.org/resource/period/Late_Formative_Period_to_Early_Classic_Period,Unknown
Qing dynasty (c. 1972),http://buct-kg.org/resource/period/Qing_dynasty_c_1972,Unknown
Qing dynasty (c. 1995),http://buct-kg.org/resource/period/Qing_dynasty_c_1995,Unknown
Qing dynasty (c. 1783),http://buct-kg.org/resource/period/Qing_dynasty_c_1783,Unknown
Early Intermediate Period (Middle Nasca phase),http://buct-kg.org/resource/period/Early_Intermediate_Period_Middle_Nasca_phase,Unknown
Qing dynasty (c. 1969),http://buct-kg.org/resource/period/Qing_dynasty_c_1969,Unknown
Ming dynasty (c. 1635),http://buct-kg.org/resource/period/Ming_dynasty_c_1635,Unknown
Late Formative Period (Providencia phase),http://buct-kg.org/resource/period/Late_Formative_Period_Providencia_phase,Unknown
Qing dynasty (c. 1926),http://buct-kg.org/resource/period/Qing_dynasty_c_1926,Unknown
Qing dynasty (c. 1933),http://buct-kg.org/resource/period/Qing_dynasty_c_1933,Unknown
Qing dynasty (c. 1978),http://buct-kg.org/resource/period/Qing_dynasty_c_1978,Unknown
Qing dynasty (c. 1987),http://buct-kg.org/resource/period/Qing_dynasty_c_1987,Unknown
Chicoid,http://buct-kg.org/resource/period/Chicoid,Unknown
Qing dynasty (c. 1979),http://buct-kg.org/resource/period/Qing_dynasty_c_1979,Unknown
Qing dynasty (c. 2001),http://buct-kg.org/resource/period/Qing_dynasty_c_2001,Unknown
16th–early 20th century,http://buct-kg.org/resource/period/16th_early_20th_century,Unknown
Qing dynasty (c. 1908),http://buct-kg.org/resource/period/Qing_dynasty_c_1908,Unknown
c. 300 CE,http://buct-kg.org/resource/period/c_300_CE,Unknown
Late Postclassic Period,http://buct-kg.org/resource/period/Late_Postclassic_Period,Unknown
18th–19th century,http://buct-kg.org/resource/period/18th_19th_century,Unknown
Early Horizon (Ocucaje 7–8),http://buct-kg.org/resource/period/Early_Horizon_Ocucaje_7_8,Unknown
20th century,http://buct-kg.org/resource/period/20th_century,Unknown
Tang dynasty (c. 700),http://buct-kg.org/resource/period/Tang_dynasty_c_700,Unknown
Qing dynasty (c. 1973),http://buct-kg.org/resource/period/Qing_dynasty_c_1973,Unknown
Ming dynasty (c. 1643),http://buct-kg.org/resource/period/Ming_dynasty_c_1643,Unknown
Qing dynasty (c. 1764),http://buct-kg.org/resource/period/Qing_dynasty_c_1764,Unknown
Qing dynasty (c. 1981),http://buct-kg.org/resource/period/Qing_dynasty_c_1981,Unknown
Qing dynasty (c. 1646),http://buct-kg.org/resource/period/Qing_dynasty_c_1646,Unknown
Early Formative Period,http://buct-kg.org/resource/period/Early_Formative_Period,Unknown
Qing dynasty (c. 1824),http://buct-kg.org/resource/period/Qing_dynasty_c_1824,Unknown
Qing dynasty (c. 1941),http://buct-kg.org/resource/period/Qing_dynasty_c_1941,Unknown
Middle Formative Period,http://buct-kg.org/resource/period/Middle_Formative_Period,Unknown
late 13th century,http://buct-kg.org/resource/period/late_13th_century,Unknown
Qing dynasty (c. 1817),http://buct-kg.org/resource/period/Qing_dynasty_c_1817,Unknown
Qing dynasty (c. 1796),http://buct-kg.org/resource/period/Qing_dynasty_c_1796,Unknown
Middle Horizon,http://buct-kg.org/resource/period/Middle_Horizon,Unknown
late 19th–20th century,http://buct-kg.org/resource/period/late_19th_20th_century,Unknown
late 19th or early 20th century,http://buct-kg.org/resource/period/late_19th_or_early_20th_century,Unknown
Qing dynasty (c. 1660),http://buct-kg.org/resource/period/Qing_dynasty_c_1660,Unknown
Qing dynasty (c. 1910),http://buct-kg.org/resource/period/Qing_dynasty_c_1910,Unknown
Qing dynasty (c. 1985),http://buct-kg.org/resource/period/Qing_dynasty_c_1985,Unknown
Qing dynasty (c. 1936),http://buct-kg.org/resource/period/Qing_dynasty_c_1936,Unknown
Qing dynasty (c. 2006),http://buct-kg.org/resource/period/Qing_dynasty_c_2006,Unknown
Qing dynasty (c. 1967),http://buct-kg.org/resource/period/Qing_dynasty_c_1967,Unknown
Qing dynasty (c. 1929),http://buct-kg.org/resource/period/Qing_dynasty_c_1929,Unknown
Qing dynasty (c. 1654),http://buct-kg.org/resource/period/Qing_dynasty_c_1654,Unknown
Qing dynasty (c. 1872),http://buct-kg.org/resource/period/Qing_dynasty_c_1872,Unknown
Qing dynasty (c. 1814),http://buct-kg.org/resource/period/Qing_dynasty_c_1814,Unknown
Qing dynasty (c. 1851),http://buct-kg.org/resource/period/Qing_dynasty_c_1851,Unknown
Ming dynasty (c. 1591),http://buct-kg.org/resource/period/Ming_dynasty_c_1591,Unknown
Ming dynasty (c. 1524),http://buct-kg.org/resource/period/Ming_dynasty_c_1524,Unknown
Qing dynasty (c. 1917),http://buct-kg.org/resource/period/Qing_dynasty_c_1917,Unknown
Qing dynasty (c. 2007),http://buct-kg.org/resource/period/Qing_dynasty_c_2007,Unknown
late 15th–early 16th century,http://buct-kg.org/resource/period/late_15th_early_16th_century,Unknown
Qing dynasty (c. 1905),http://buct-kg.org/resource/period/Qing_dynasty_c_1905,Unknown
Qing dynasty (c. 1892),http://buct-kg.org/resource/period/Qing_dynasty_c_1892,Unknown
Qing dynasty (c. 1983),http://buct-kg.org/resource/period/Qing_dynasty_c_1983,Unknown
Qing dynasty (c. 1988),http://buct-kg.org/resource/period/Qing_dynasty_c_1988,Unknown
Qing dynasty (c. 1909),http://buct-kg.org/resource/period/Qing_dynasty_c_1909,Unknown
late 20th century,http://buct-kg.org/resource/period/late_20th_century,Unknown
Qing dynasty (c. 1986),http://buct-kg.org/resource/period/Qing_dynasty_c_1986,Unknown
Qing dynasty (c. 1790),http://buct-kg.org/resource/period/Qing_dynasty_c_1790,Unknown
Qing dynasty (c. 1964),http://buct-kg.org/resource/period/Qing_dynasty_c_1964,Unknown
Qing dynasty (c. 1726),http://buct-kg.org/resource/period/Qing_dynasty_c_1726,Unknown
Qing dynasty (c. 1968),http://buct-kg.org/resource/period/Qing_dynasty_c_1968,Unknown
Qing dynasty (c. 1976),http://buct-kg.org/resource/period/Qing_dynasty_c_1976,Unknown
Qing dynasty (c. 1977),http://buct-kg.org/resource/period/Qing_dynasty_c_1977,Unknown
Qing dynasty (c. 1915),http://buct-kg.org/resource/period/Qing_dynasty_c_1915,Unknown
Qing dynasty (c. 1958),http://buct-kg.org/resource/period/Qing_dynasty_c_1958,Unknown
Qing dynasty (c. 1912),http://buct-kg.org/resource/period/Qing_dynasty_c_1912,Unknown
Qing dynasty (c. 1864),http://buct-kg.org/resource/period/Qing_dynasty_c_1864,Unknown
Qing dynasty (c. 1806),http://buct-kg.org/resource/period/Qing_dynasty_c_1806,Unknown
Qing dynasty (c. 1812),http://buct-kg.org/resource/period/Qing_dynasty_c_1812,Unknown
Qing dynasty (c. 1939),http://buct-kg.org/resource/period/Qing_dynasty_c_1939,Unknown
Qing dynasty (c. 1990),http://buct-kg.org/resource/period/Qing_dynasty_c_1990,Unknown
Cypro-Geometric,http://buct-kg.org/resource/period/Cypro_Geometric,Unknown
Qing dynasty (c. 1931),http://buct-kg.org/resource/period/Qing_dynasty_c_1931,Unknown
Qing dynasty (c. 1928),http://buct-kg.org/resource/period/Qing_dynasty_c_1928,Unknown
Qing dynasty (c. 1827),http://buct-kg.org/resource/period/Qing_dynasty_c_1827,Unknown
Qing dynasty (c. 1816),http://buct-kg.org/resource/period/Qing_dynasty_c_1816,Unknown
Qing dynasty (c. 1811),http://buct-kg.org/resource/period/Qing_dynasty_c_1811,Unknown
Qing dynasty (c. 1840),http://buct-kg.org/resource/period/Qing_dynasty_c_1840,Unknown
ca. early 20th century,http://buct-kg.org/resource/period/ca_early_20th_century,Unknown
late 20th or early 21st century,http://buct-kg.org/resource/period/late_20th_or_early_21st_century,Unknown
Qing dynasty (c. 1938),http://buct-kg.org/resource/period/Qing_dynasty_c_1938,Unknown
Qing dynasty (c. 1913),http://buct-kg.org/resource/period/Qing_dynasty_c_1913,Unknown
Qing dynasty (c. 1916),http://buct-kg.org/resource/period/Qing_dynasty_c_1916,Unknown
Qing dynasty (c. 1997),http://buct-kg.org/resource/period/Qing_dynasty_c_1997,Unknown
probably second half of 20th century,http://buct-kg.org/resource/period/probably_second_half_of_20th_century,Unknown
Qing dynasty (c. 1810),http://buct-kg.org/resource/period/Qing_dynasty_c_1810,Unknown
late 19th century,http://buct-kg.org/resource/period/late_19th_century,Unknown
Ming dynasty (c. 1636),http://buct-kg.org/resource/period/Ming_dynasty_c_1636,Unknown
Ming dynasty (c. 1505),http://buct-kg.org/resource/period/Ming_dynasty_c_1505,Unknown
Late Intermediate Period to Late Horizon,http://buct-kg.org/resource/period/Late_Intermediate_Period_to_Late_Horizon,Unknown
Early Horizon,http://buct-kg.org/resource/period/Early_Horizon,Unknown
Qing dynasty (c. 1961),http://buct-kg.org/resource/period/Qing_dynasty_c_1961,Unknown
Late Intermediate Period to Early Horizon,http://buct-kg.org/resource/period/Late_Intermediate_Period_to_Early_Horizon,Unknown
Early Intermediate Period (Nasca phases 2-3),http://buct-kg.org/resource/period/Early_Intermediate_Period_Nasca_phases_2_3,Unknown
Early Intermediate Period (Moche phase II),http://buct-kg.org/resource/period/Early_Intermediate_Period_Moche_phase_II,Unknown
Middle Horizon (Middle Horizon 2B),http://buct-kg.org/resource/period/Middle_Horizon_Middle_Horizon_2B,Unknown
Ming dynasty (c. 1608),http://buct-kg.org/resource/period/Ming_dynasty_c_1608,Unknown
Mitannian,http://buct-kg.org/resource/period/Mitannian,Unknown
17th century,http://buct-kg.org/resource/period/17th_century,Unknown
Chicoid (Boca Chica),http://buct-kg.org/resource/period/Chicoid_Boca_Chica,Unknown
Integration Period,http://buct-kg.org/resource/period/Integration_Period,Unknown
Hellenistic period (323-31 BCE),http://buct-kg.org/resource/period/Hellenistic_period_323_31_BCE,Hellenistic
"Early Ptolemaic Period, ca. 304–30 BCE",http://buct-kg.org/resource/period/Early_Ptolemaic_Period_ca_304_30_BCE,Unknown
possibly 19th century,http://buct-kg.org/resource/period/possibly_19th_century,Unknown
Ming dynasty (c. 1630),http://buct-kg.org/resource/period/Ming_dynasty_c_1630,Unknown
Ming dynasty (c. 1634),http://buct-kg.org/resource/period/Ming_dynasty_c_1634,Unknown
Ming dynasty (c. 1586),http://buct-kg.org/resource/period/Ming_dynasty_c_1586,Unknown
Qing dynasty (c. 1755),http://buct-kg.org/resource/period/Qing_dynasty_c_1755,Unknown
Mogollon Brown Ware,http://buct-kg.org/resource/period/Mogollon_Brown_Ware,Unknown
Cibola White Ware,http://buct-kg.org/resource/period/Cibola_White_Ware,Unknown
Classic Black-on-White (Style III),http://buct-kg.org/resource/period/Classic_Black_on_White_Style_III,Unknown
Qing dynasty (c. 1830),http://buct-kg.org/resource/period/Qing_dynasty_c_1830,Unknown
19th or 20th century,http://buct-kg.org/resource/period/19th_or_20th_century,Unknown
Regional Development Period (Imguapí II),http://buct-kg.org/resource/period/Regional_Development_Period_Imguap_II,Unknown
Qing dynasty (c. 1733),http://buct-kg.org/resource/period/Qing_dynasty_c_1733,Unknown
Qing dynasty (c. 1671),http://buct-kg.org/resource/period/Qing_dynasty_c_1671,Unknown
Qing dynasty (c. 1911),http://buct-kg.org/resource/period/Qing_dynasty_c_1911,Unknown
Ming dynasty (c. 1550),http://buct-kg.org/resource/period/Ming_dynasty_c_1550,Unknown
Qing dynasty (c. 2003),http://buct-kg.org/resource/period/Qing_dynasty_c_2003,Unknown
Ming dynasty (c. 1622),http://buct-kg.org/resource/period/Ming_dynasty_c_1622,Unknown
Ming dynasty (c. 1628),http://buct-kg.org/resource/period/Ming_dynasty_c_1628,Unknown
Boldface Black-on-White (Style II),http://buct-kg.org/resource/period/Boldface_Black_on_White_Style_II,Unknown
Ming dynasty (c. 1594),http://buct-kg.org/resource/period/Ming_dynasty_c_1594,Unknown
Modern period,http://buct-kg.org/resource/period/Modern_period,Modern
Ming dynasty (c. 1588),http://buct-kg.org/resource/period/Ming_dynasty_c_1588,Unknown
Qing dynasty (c. 1725),http://buct-kg.org/resource/period/Qing_dynasty_c_1725,Unknown
Period IV,http://buct-kg.org/resource/period/Period_IV,Unknown
Period V,http://buct-kg.org/resource/period/Period_V,Unknown
Period IV or Period V,http://buct-kg.org/resource/period/Period_IV_or_Period_V,Unknown
Qing dynasty (c. 1777),http://buct-kg.org/resource/period/Qing_dynasty_c_1777,Unknown
Qing dynasty (c. 1856),http://buct-kg.org/resource/period/Qing_dynasty_c_1856,Unknown
Qing dynasty (c. 1953),http://buct-kg.org/resource/period/Qing_dynasty_c_1953,Unknown
Meiji period (1868-1912),http://buct-kg.org/resource/period/Meiji_period_1868_1912,Modern Japan
Qing dynasty (c. 1954),http://buct-kg.org/resource/period/Qing_dynasty_c_1954,Unknown
Qing dynasty (c. 1903),http://buct-kg.org/resource/period/Qing_dynasty_c_1903,Unknown
Late Formative Period,http://buct-kg.org/resource/period/Late_Formative_Period,Unknown
4th–5th century CE,http://buct-kg.org/resource/period/4th_5th_century_CE,Unknown
"Roosevelt Red Ware, Tonto polychrome",http://buct-kg.org/resource/period/Roosevelt_Red_Ware_Tonto_polychrome,Unknown
"Roosevelt Red Ware, Gila polychrome",http://buct-kg.org/resource/period/Roosevelt_Red_Ware_Gila_polychrome,Unknown
early 16th century,http://buct-kg.org/resource/period/early_16th_century,Unknown
Qing dynasty (c. 1653),http://buct-kg.org/resource/period/Qing_dynasty_c_1653,Unknown
Ming dynasty (c. 1627),http://buct-kg.org/resource/period/Ming_dynasty_c_1627,Unknown
Qing dynasty (c. 1779),http://buct-kg.org/resource/period/Qing_dynasty_c_1779,Unknown
5th century CE,http://buct-kg.org/resource/period/5th_century_CE,Unknown
c. 332 BCE,http://buct-kg.org/resource/period/c_332_BCE,Unknown
Qing dynasty (c. 1919),http://buct-kg.org/resource/period/Qing_dynasty_c_1919,Unknown
Late Horizon,http://buct-kg.org/resource/period/Late_Horizon,Unknown
Qing dynasty (c. 1821),http://buct-kg.org/resource/period/Qing_dynasty_c_1821,Unknown
Qing dynasty (c. 1808),http://buct-kg.org/resource/period/Qing_dynasty_c_1808,Unknown
Ming dynasty (c. 1561),http://buct-kg.org/resource/period/Ming_dynasty_c_1561,Unknown
Qing dynasty (c. 1841),http://buct-kg.org/resource/period/Qing_dynasty_c_1841,Unknown
Qing dynasty (c. 1839),http://buct-kg.org/resource/period/Qing_dynasty_c_1839,Unknown
Qing dynasty (c. 1838),http://buct-kg.org/resource/period/Qing_dynasty_c_1838,Unknown
Qing dynasty (c. 1847),http://buct-kg.org/resource/period/Qing_dynasty_c_1847,Unknown
18th century,http://buct-kg.org/resource/period/18th_century,Unknown
Qing dynasty (c. 1869),http://buct-kg.org/resource/period/Qing_dynasty_c_1869,Unknown
mid–20th century,http://buct-kg.org/resource/period/mid_20th_century,Unknown
c. 400 CE,http://buct-kg.org/resource/period/c_400_CE,Unknown
undated,http://buct-kg.org/resource/period/undated,Unknown
undated; 18th–19th century?,http://buct-kg.org/resource/period/undated_18th_19th_century,Unknown
end of the 4th century BCE,http://buct-kg.org/resource/period/end_of_the_4th_century_BCE,Unknown
Qing dynasty (c. 1771),http://buct-kg.org/resource/period/Qing_dynasty_c_1771,Unknown
Ming dynasty (c. 1515),http://buct-kg.org/resource/period/Ming_dynasty_c_1515,Unknown
first quarter of 5th century BCE,http://buct-kg.org/resource/period/first_quarter_of_5th_century_BCE,Unknown
7th–9th century,http://buct-kg.org/resource/period/7th_9th_century,Unknown
c. 550 BCE,http://buct-kg.org/resource/period/c_550_BCE,Unknown
Geometric,http://buct-kg.org/resource/period/Geometric,Unknown
c. 100 CE,http://buct-kg.org/resource/period/c_100_CE,Unknown
1st–4th century CE,http://buct-kg.org/resource/period/1st_4th_century_CE,Unknown
early 6th century BCE,http://buct-kg.org/resource/period/early_6th_century_BCE,Unknown
late 6th century BCE,http://buct-kg.org/resource/period/late_6th_century_BCE,Unknown
Tang dynasty (c. 909),http://buct-kg.org/resource/period/Tang_dynasty_c_909,Unknown
Tang dynasty (c. 775),http://buct-kg.org/resource/period/Tang_dynasty_c_775,Unknown
3rd–4th century CE,http://buct-kg.org/resource/period/3rd_4th_century_CE,Unknown
Qing dynasty (c. 1743),http://buct-kg.org/resource/period/Qing_dynasty_c_1743,Unknown
late 18th–early 19th century,http://buct-kg.org/resource/period/late_18th_early_19th_century,Unknown
Qing dynasty (c. 1795),http://buct-kg.org/resource/period/Qing_dynasty_c_1795,Unknown
c. 589 CE,http://buct-kg.org/resource/period/c_589_CE,Unknown
c. 550 CE,http://buct-kg.org/resource/period/c_550_CE,Unknown
c. 577 CE,http://buct-kg.org/resource/period/c_577_CE,Unknown
Ming dynasty (c. 1548),http://buct-kg.org/resource/period/Ming_dynasty_c_1548,Unknown
Historic,http://buct-kg.org/resource/period/Historic,Unknown
Qing dynasty (c. 1825),http://buct-kg.org/resource/period/Qing_dynasty_c_1825,Unknown
c. 581 CE,http://buct-kg.org/resource/period/c_581_CE,Unknown
c. 256 BCE,http://buct-kg.org/resource/period/c_256_BCE,Unknown
9th–11th century,http://buct-kg.org/resource/period/9th_11th_century,Unknown
13th–14th century,http://buct-kg.org/resource/period/13th_14th_century,Unknown
Qing dynasty (c. 1769),http://buct-kg.org/resource/period/Qing_dynasty_c_1769,Unknown
