object_id,aligned_type
"1948,0716.30",图
As.3593,算盘
"As,SLMisc.594",算盘
OA+.6644,算盘
"2019,4106.1",算盘
"As,SLMisc.552.b",秤箱/算盘
"2001,0618.1",算盘
"1909,0611.1",算盘
"1907,1105.2",山花饰
OA+.152,山花饰
"1938,0524.6",山花饰
MAS.1073,山花饰
OA+.151,山花饰
"2014,4004.11",入场券/纪念品
"2014,4004.12",入场券/纪念品
"2005,0414.1",入场券
"2014,4004.10",入场券/纪念品
"2014,4004.9",入场券/纪念品
"2015,4055.1",入场券
"2014,4034.8",纪念品/入场券
"2015,4094.1",入场券
"2009,4182.4",入场券
"2015,4094.2",入场券
"1993,0813,0.1",打印
"1991,0219,0.11.1-3",打印
"1986,0319,0.44",装饰纸/广告
"As1906,1226.29",锛子
"1979,1012.4",锛子
"1979,1012.1",锛子
"1979,1012.39",锛子
"1979,1012.28",锛子
"1979,1012.5",锛子
"1979,1012.9",锛子
"1979,1012.23",锛子
"1979,1012.7",锛子
"1979,1012.14",锛子
"1979,1012.27",锛子
"1959,0216.15",锛子
As.7097,工具/工具/adze
OA+.3873,锛子
"1979,1012.8",锛子
OA+.3874,锛子
As.7104,锛子
OA+.3872,锛子
OA+.3880,锛子
As.7093,锛子
OA+.3878,锛子
"1979,1012.24",锛子
"1979,1012.18",锛子
"1979,1012.19",锛子
"1979,1012.20",锛子
"1959,0216.16",锛子
"1979,1012.6",锛子
"1979,1012.36",锛子
"1979,1012.32",锛子
"1979,1012.2",锛子
"1950,0405.18",锛子
"1979,1012.3",锛子
"1979,1012.33",锛子
"1979,1012.11",锛子
"1979,1012.12",锛子
"1979,1012.13",锛子
"1979,1012.26",锛子
"2018,6015.6",锛子
"As1925,0615.1",锛子
"1979,1012.10",锛子
As.7098,锛子
OA+.3875,锛子
OA+.3881,锛子
As.7094,adze/斧头
OA+.3879,锛子
As.7095,锛子
"1979,1012.21",锛子
"1979,1012.15",锛子
"1979,1012.34",锛子
"1963,1014.6",锛子
"1979,1012.22",锛子
As.7099,锛子
"1979,1012.16",锛子
"1979,1012.35",锛子
"1979,1012.29",锛子
"1979,1012.17",锛子
"1979,1012.30",锛子
"1979,1012.43",锛子
"1979,1012.37",锛子
"1979,1012.31",锛子
"1979,1012.25",锛子
"1926,1204.24",aeolipile
"1936,1007.2",aeolipile
"1936,1007.5",aeolipile
"1913,0721.7",aeolipile
"1936,1007.3",aeolipile
"1905,0518.75.a-b",akor
Franks.807,阿尔巴雷洛
"1962,1231,0.5.1-28",绘画
"1869,0508,0.1",绘画
"1948,0710,0.34.16",绘画
"1934,0512,0.1.1-16",打印
"1986,0313,0.1.137",打印
"1986,0313,0.1.208",打印
5cc48dc5a511,植物
8831d3c5f3a9,植物
20858,船舶
20886,船舶
20866,船舶
227129,陶瓷
226957,雕塑
227529,绘画
226910,陶瓷
226110,写论文
226109,写论文
226111,写论文
225895,写论文
225876,雕塑
226553,安装
225893,纺织
225904,绘画
226669,绘画
227531,绘画
226696,绘画
225896,家具陈设
226384,家具陈设
225867,集合对象
226061,绘画
226064,绘画
226063,绘画
225881,船舶
225892,照片
225495,纺织
225769,家具
225658,雕塑
226382,照片
226383,照片
225656,绘画
225877,屏幕
226551,绘画
225861,标识
226575,绘画
226920,雕塑
225894,写论文
226695,写论文
226206,家具陈设
225768,家具
225929,雕塑
226487,媒体艺术
225513,媒体艺术
225429,绘画
225000,打印
224943,媒体艺术
225738,雕塑
225139,雕塑
225001,打印
225296,绘画
225515,打印
225427,绘画
225518,火/热
225759,食品/饮料
225294,照片
225758,食品/饮料
225910,船舶
225767,食品/饮料
225761,食品/饮料
225760,食品/饮料
225764,食品/饮料
225762,食品/饮料
225765,食品/饮料
225763,食品/饮料
225766,食品/饮料
225497,绘画
225860,雕塑
225292,缓解
226701,照片
225287,绘画
226599,媒体艺术
226511,媒体艺术
225871,雕塑
225425,雕塑
225728,打印
225521,绘画
225537,绘画
225514,绘画
226907,雕塑
226912,照片
225650,承运人
225013,雕塑
224999,雕塑
225773,家具陈设
226922,照片
225771,雕塑
225887,雕塑
225039,绘画
225038,纺织
225071,照片
225049,媒体艺术
225046,安装
225053,雕塑
225048,媒体艺术
224941,写论文
225488,媒体艺术
225646,写论文
225050,媒体艺术
224897,绘画
225770,家具陈设
225434,陶瓷
225041,媒体艺术
225030,写论文
225032,绘画
225519,缓解
225878,陶瓷
225035,媒体艺术
225967,雕塑
225034,绘画
225754,雕塑
225753,雕塑
225804,食品/饮料
226911,照片
226913,媒体艺术
226956,雕塑
226914,照片
224946,陶瓷
225470,家具陈设
227519,绘画
225879,雕塑
224995,打印
225866,雕塑
225282,写论文
224802,照片
224876,照片
224940,媒体艺术
224801,绘画
225027,纺织
224805,拼贴
224873,照片
224869,媒体艺术
225052,照片
224875,照片
225047,雕塑
224930,照片
224894,绘画
224877,照片
225733,绘画
225755,雕塑
224878,照片
225859,船舶
224994,绘画
225752,雕塑
225880,光
224881,照片
224939,媒体艺术
226550,绘画
226058,雕塑
226649,照片
226647,照片
226646,照片
226642,照片
226643,照片
226645,照片
226648,照片
226644,照片
226670,船舶
226915,照片
226917,照片
226916,照片
225776,家具
224735,安装
224858,媒体艺术
217135,雕塑
224724,安装
225155,雕塑
224874,照片
224796,媒体艺术
224712,绘图
224896,纺织
224859,衣服
224734,媒体艺术
224730,纺织
224879,媒体艺术
224871,陶瓷
224464,陶瓷
224867,媒体艺术
224794,绘画
224452,陶瓷
225037,绘画
225129,照片
225128,照片
225487,雕塑
225743,媒体艺术
226385,媒体艺术
226486,安装
225029,打印
224795,绘画
224857,雕塑
226187,雕塑
226951,写论文
226950,写论文
224321,写论文
224799,绘画
224425,集合对象
224304,写论文
224671,书
224550,绘画
224733,媒体艺术
224500,绘画
224275,绘画
224322,写论文
224868,媒体艺术
224554,媒体艺术
226115,照片
226166,照片
226136,照片
226170,照片
226168,照片
226184,照片
226155,照片
226131,照片
226165,照片
226137,照片
226124,照片
226125,照片
226133,照片
226148,照片
226162,照片
226157,照片
226120,照片
226177,照片
226176,照片
226146,照片
226145,照片
226156,照片
226173,照片
226172,照片
226163,照片
226135,照片
226179,照片
226144,照片
226149,照片
226116,照片
226113,照片
226129,照片
226139,照片
226153,照片
226171,照片
226119,照片
226167,照片
226161,照片
226147,照片
226183,照片
226121,照片
224767,绘画
224725,雕塑
224728,照片
224327,绘画
226151,照片
226182,照片
226140,照片
226117,照片
226141,照片
226152,照片
226132,照片
226186,照片
226114,照片
226169,照片
226118,照片
226123,照片
226185,照片
226160,照片
226181,照片
226142,照片
226122,照片
226158,照片
224552,绘画
224453,船舶
224719,雕塑
224299,照片
224612,绘画
224289,照片
224670,雕塑
224738,绘画
224872,照片
224713,安装
225036,绘画
224276,绘画
224323,雕塑
224263,绘画
224732,照片
224311,绘画
225741,照片
224553,集合对象
224267,绘画
224061,绘图
226056,船舶
224167,照片
224165,照片
224160,照片
224164,照片
224166,照片
224442,模型
226788,照片
225154,绘画
224454,容器
226949,写论文
226918,照片
226919,照片
227515,照片
227534,照片
227535,照片
224273,照片
226697,写论文
225885,雕塑
225884,雕塑
225868,雕塑
225886,雕塑
225883,雕塑
222655,绘图
224435,纺织
222612,绘图
224433,纺织
222683,绘图
222658,绘图
222585,绘图
222627,绘图
222592,绘图
222619,绘图
222635,绘图
222638,绘图
222552,绘图
222593,绘图
222653,绘图
222609,绘图
222574,绘图
222606,绘图
222563,绘图
222576,绘图
222587,绘图
222604,绘图
223226,船舶
222557,绘图
222634,绘图
224669,写论文
222578,绘图
222559,绘图
222595,绘图
222569,绘图
222674,绘图
222549,绘图
222665,绘图
222620,绘图
222602,绘图
222611,绘图
222580,绘图
222594,绘图
222586,绘图
222583,绘图
222636,绘图
222584,绘图
222618,绘图
222591,绘图
222562,绘图
222551,绘图
222566,绘图
222623,绘图
222590,绘图
222589,绘图
222663,绘图
222558,绘图
222555,绘图
222691,绘图
222603,绘图
222673,绘图
222573,绘图
222572,绘图
222644,绘图
222553,绘图
222582,绘图
222577,绘图
222626,绘图
222654,绘图
222605,绘图
222643,绘图
222621,绘图
225348,打印
222596,绘图
222579,绘图
222550,绘图
222588,绘图
222637,绘图
222682,绘图
222630,绘图
222560,绘图
222564,绘图
224434,纺织
223191,照片
222581,绘图
222607,绘图
222681,绘图
222657,绘图
224438,纺织
222615,绘图
222629,绘图
222690,绘图
222646,绘图
222622,绘图
225428,雕塑
225291,家具陈设
225890,写论文
222570,绘图
223192,照片
222628,绘图
224269,照片
224288,照片
224310,绘画
226380,照片
224266,雕塑
224059,绘画
224745,容器
225033,雕塑
226381,照片
225555,雕塑
224317,照片
226394,照片
224808,雕塑
227536,照片
227532,照片
227537,照片
227521,写论文
219172,雕塑
224576,照片
225347,打印
218962,绘画
221709,写论文
224301,雕塑
224731,照片
224722,照片
222741,家具
220363,雕塑
224895,照片
220283,打印
220183,照片
219270,雕塑
225731,服装
224579,照片
224555,写论文
225610,写论文
224792,雕塑
225611,写论文
224866,媒体艺术
220318,建筑元素
218284,雕塑
218903,打印
226107,绘画
220423,打印
227533,照片
225288,雕塑
219268,绘画
224715,照片
225295,绘画
216276,照片
224495,照片
218259,雕塑
218232,娱乐、玩具、游戏
218010,写论文
220337,陶瓷
216753,安装
215856,媒体艺术
218606,雕塑
224714,照片
224496,照片
217613,绘图
218182,绘画
220598,媒体艺术
220364,雕塑
224716,照片
224577,照片
220184,照片
224717,照片
224494,照片
220383,写论文
225494,雕塑
220529,绘画
219183,雕塑
219201,娱乐、玩具、游戏
224441,绘画
224718,照片
219530,纺织
217295,绘画
224497,照片
224499,照片
224291,写论文
220365,雕塑
217614,写论文
216899,雕塑
220348,家具陈设
226389,打印
218233,绘画
216350,雕塑
215551,媒体艺术
226406,打印
225284,写论文
216898,绘图
225009,媒体艺术
218581,雕塑
217808,绘图
216270,陶瓷
219271,船舶
214432,照片
217041,绘画
215878,媒体艺术
224574,照片
217134,工具
214374,陶瓷
214202,写论文
224804,雕塑
219200,雕塑
211616,拼贴
216203,拼贴
218074,绘图
218231,雕塑
224294,纺织
215886,照片
215848,雕塑
215889,照片
223016,绘画
215887,照片
224578,媒体艺术
218181,绘画
214146,雕塑
211196,绘画
224823,书
225949,容器
225847,写论文
225889,照片
225851,写论文
225849,写论文
225852,写论文
225856,写论文
225854,写论文
225848,写论文
225857,写论文
225131,照片
225858,写论文
225855,写论文
225130,照片
225853,写论文
214433,照片
214375,打印
220387,绘画
219308,绘画
224729,绘画
212065,家具
210665,雕塑
214203,写论文
210268,家具陈设
210224,家具陈设
210278,家具陈设
208840,照片
210194,家具陈设
224063,绘图
209946,雕塑
209948,雕塑
211194,写论文
225138,屏幕
210422,纺织
224446,集合对象
209326,雕塑
210199,家具陈设
212070,家具
210207,家具陈设
224261,写论文
210269,瓷砖
210177,家具陈设
209947,雕塑
224309,绘图
222904,绘画
218241,照片
209424,绘画
218240,照片
210025,雕塑
224298,绘图
218239,照片
218158,绘画
210945,陶瓷
210173,家具陈设
210137,照片
220362,雕塑
214201,写论文
212058,写论文
210174,家具陈设
218009,写论文
212059,写论文
213879,绘画
214447,媒体艺术
219272,船舶
226393,照片
208971,家具
225805,家具
226104,雕塑
215069,绘画
225609,照片
210175,家具陈设
225869,媒体艺术
226390,照片
224833,雕塑
219309,绘画
218230,雕塑
219199,雕塑
225735,写论文
225736,写论文
227099,照片
210628,陶瓷
225732,集合对象
225283,媒体艺术
210944,陶瓷
225624,家具
210182,家具陈设
226392,照片
218242,绘画
210172,家具陈设
197576,雕塑
210798,陶瓷
218605,绘画
210219,家具陈设
213589,工具
198904,绘画
210216,家具陈设
212821,家具陈设
212823,家具陈设
213181,绘画
212824,家具陈设
210217,家具陈设
210545,写论文
197577,绘图
207864,安装
210212,照片
224285,绘图
210427,家具陈设
210193,家具陈设
210218,家具陈设
217071,家具
218229,食品/饮料
210267,家具陈设
210215,家具陈设
220467,照片
224255,绘图
210176,家具陈设
198916,照片
208767,水彩
210213,照片
198903,绘画
210276,媒体艺术
212825,家具陈设
217070,家具
220466,照片
225657,雕塑
25247,未知
4942,未知
15010,未知
7111,未知
15014,未知
143675,未知
15012,未知
220492,未知
139465,未知
19935,未知
73995,未知
22746,未知
20000,未知
138054,未知
227552,未知
198854,未知
60915,未知
189775,未知
48,未知
15033,未知
14447,未知
119371,未知
199136,未知
32740,未知
188274,未知
147872,未知
75330,未知
121044,未知
65,未知
139460,未知
139562,未知
48846,未知
266210,未知
101573,未知
109169,未知
194369,未知
194370,未知
147873,未知
101574,未知
135,未知
111962,未知
184562,未知
15030,未知
134,未知
19970,未知
80494,未知
38985,未知
139470,未知
7934,未知
191156,未知
29530,未知
53832,未知
109200,未知
139462,未知
148877,未知
18438,未知
101571,未知
80112,未知
86380,未知
233330,未知
2583,未知
137970,未知
29408,未知
132651,未知
3446,未知
43060,未知
18467,未知
137976,未知
185963,未知
2728,未知
46808,未知
12270,未知
12054,未知
35376,未知
32532,未知
2511,未知
4453,未知
109184,未知
50502,未知
22042,未知
29149,未知
18568,未知
21284,未知
14460,未知
2344,未知
190614,未知
60912,未知
70115,未知
200412,未知
15906,未知
5006,未知
15722,未知
182878,未知
14474,未知
8056,未知
12552,未知
8636,未知
18522,未知
233322,未知
233328,未知
12476,未知
12086,未知
27925,未知
21653,未知
23497,未知
4450,未知
70003,未知
32631,未知
12380,未知
212904,未知
21296,未知
7931,未知
48991,未知
10522,未知
12123,未知
147008,未知
35367,未知
12229,未知
12763,未知
31955,未知
22200,未知
82071,未知
12284,未知
12198,未知
150533,未知
15742,未知
2532,未知
88724,未知
20392,未知
15910,未知
147007,未知
9734,未知
233326,未知
199164,未知
12491,未知
73236,未知
11098,未知
26647,未知
7967,未知
108586,未知
9613,未知
55906,未知
12242,未知
12474,未知
36417,未知
64461,未知
12485,未知
7903,未知
21517,未知
12221,未知
58159,未知
10489,未知
64435,未知
280345,未知
14644,未知
32945,未知
178888,未知
7889,未知
149681,未知
186784,未知
151925,未知
22732,未知
27741,未知
22574,未知
12986,未知
21366,未知
8050,未知
15988,未知
12247,未知
12483,未知
181704,未知
15586,未知
105944,未知
21280,未知
21644,未知
12945,未知
63513,未知
21289,未知
12183,未知
90303,未知
65914,未知
21375,未知
21363,未知
11140,未知
21531,未知
12099,未知
21238,未知
12634,未知
21721,未知
41910,未知
21187,未知
21313,未知
18014,未知
18582,未知
47168,未知
7925,未知
33997,未知
79895,未知
3330,未知
36418,未知
142531,未知
12119,未知
21241,未知
53517,未知
22708,未知
73254,未知
111365,未知
42879,未知
21282,未知
12059,未知
2517,未知
35381,未知
83812,未知
60877,未知
18473,未知
49603,未知
8093,未知
7521,未知
26882,未知
22725,未知
74965,未知
59461,未知
23502,未知
73201,未知
99658,未知
22210,未知
109689,未知
5918,未知
28487,未知
14811,未知
183894,未知
22744,未知
12981,未知
70117,未知
32492,未知
42271,未知
12636,未知
89452,未知
12622,未知
42786,未知
53544,未知
108598,未知
12688,未知
59464,未知
23651,未知
192727,未知
65902,未知
69711,未知
156446,未知
12013,未知
28106,未知
59448,未知
11497,未知
79318,未知
21208,未知
263123,未知
28158,未知
12028,未知
28109,未知
28125,未知
12640,未知
24960,未知
80882,未知
2528,未知
235667,未知
86391,未知
10393,未知
14803,未知
21212,未知
21408,未知
22711,未知
21511,未知
12214,未知
180744,未知
152849,未知
21418,未知
21483,未知
3333,未知
45464,未知
11690,未知
30214,未知
15732,未知
12407,未知
183277,未知
142528,未知
27507,未知
12561,未知
199163,未知
260343,未知
270889,未知
270890,未知
79315,未知
21702,未知
12616,未知
14319,未知
42541,未知
12145,未知
79309,未知
9611,未知
2508,未知
75905,未知
11125,未知
34078,未知
12786,未知
12741,未知
8099,未知
20561,未知
35384,未知
7544,未知
21745,未知
76279,未知
68830,未知
21292,未知
68715,未知
79322,未知
21481,未知
105595,未知
111862,未知
192877,未知
8076,未知
109230,未知
12497,未知
198345,未知
37729,未知
133834,未知
48321,未知
16811,未知
70169,未知
21341,未知
12731,未知
12735,未知
70207,未知
14329,未知
8037,未知
21423,未知
7514,未知
73796,未知
12359,未知
111366,未知
233329,未知
70093,未知
22729,未知
70129,未知
129758,未知
39534,未知
73220,未知
9059,未知
34075,未知
21514,未知
15563,未知
107043,未知
22718,未知
75521,未知
8087,未知
18019,未知
12132,未知
21220,未知
47953,未知
69180,未知
89655,未知
23144,未知
69810,未知
12409,未知
51834,未知
91085,未知
22722,未知
7896,未知
28112,未知
21555,未知
69688,未知
70167,未知
79313,未知
5410,未知
12065,未知
51432,未知
69801,未知
21266,未知
58282,未知
86423,未知
18013,未知
37423,未知
15726,未知
23667,未知
79311,未知
92910,未知
93923,未知
47961,未知
42566,未知
259167,未知
22771,未知
45939,未知
8073,未知
8081,未知
104483,未知
84711,未知
40922,未知
45806,未知
79505,未知
70256,未知
80916,未知
21325,未知
75916,未知
25226,未知
32538,未知
144967,未知
21307,未知
21310,未知
86420,未知
109236,未知
42185,未知
86757,未知
37725,未知
21467,未知
22740,未知
183455,未知
51825,未知
18454,未知
21496,未知
68041,未知
117330,未知
15748,未知
21701,未知
195396,未知
28163,未知
22113,未知
51423,未知
55836,未知
2716,未知
21712,未知
70763,未知
68711,未知
12529,未知
69172,未知
5003,未知
22737,未知
9624,未知
12794,未知
18007,未知
34873,未知
18235,未知
71199,未知
109185,未知
139488,未知
139593,未知
137971,未知
259168,未知
259170,未知
132148,未知
70392,未知
142529,未知
2525,未知
21295,未知
21772,未知
28444,未知
12602,未知
14335,未知
26091,未知
86744,未知
53282,未知
58180,未知
83154,未知
133709,未知
21658,未知
22068,未知
14276,未知
16397,未知
79470,未知
263669,未知
263943,未知
69827,未知
6580,未知
14326,未知
33964,未知
25230,未知
21698,未知
89468,未知
82294,未知
14331,未知
12352,未知
80912,未知
70091,未知
46261,未知
69959,未知
80721,未知
12588,未知
14314,未知
21508,未知
80777,未知
80879,未知
21319,未知
12344,未知
84370,未知
52949,未知
21286,未知
92911,未知
142530,未知
14323,未知
12514,未知
75361,未知
199165,未知
79336,未知
39774,未知
69770,未知
42390,未知
12470,未知
86747,未知
86599,未知
259158,未知
259169,未知
259178,未知
6775,未知
14809,未知
105530,未知
21251,未知
109223,未知
22715,未知
70095,未知
110866,未知
12721,未知
12346,未知
80904,未知
37716,未知
63392,未知
21594,未知
193827,未知
13033,未知
14852,未知
105494,未知
55821,未知
180536,未知
53532,未知
21203,未知
12537,未知
21678,未知
21734,未知
33933,未知
2606,未知
70088,未知
12241,未知
87714,未知
200630,未知
17996,未知
147031,未知
21346,未知
28128,未知
221163,未知
11435,未知
11091,未知
22735,未知
35364,未知
21413,未知
80898,未知
79332,未知
79459,未知
111081,未知
21499,未知
86415,未知
117775,未知
8209,未知
7788,未知
42187,未知
33098,未知
12679,未知
21254,未知
70757,未知
42215,未知
21312,未知
36419,未知
58053,未知
69683,未知
69700,未知
68980,未知
86754,未知
72589,未知
21558,未知
260222,未知
260223,未知
259162,未知
259174,未知
55926,未知
42806,未知
33942,未知
15737,未知
12663,未知
56142,未知
138456,未知
12069,未知
60878,未知
79347,未知
81842,未知
12236,未知
68978,未知
79249,未知
12305,未知
11151,未知
45804,未知
11999,未知
41426,未知
79317,未知
21681,未知
73256,未知
80887,未知
69937,未知
81954,未知
33936,未知
27669,未知
182864,未知
2481,未知
65922,未知
183893,未知
21887,未知
22212,未知
182783,未知
14280,未知
82164,未知
186745,未知
54714,未知
3585,未知
12696,未知
103303,未知
150152,未知
7832,未知
89836,未知
105591,未知
79223,未知
187047,未知
69605,未知
69708,未知
79453,未知
79362,未知
70164,未知
68989,未知
65889,未知
13836,未知
59752,未知
21180,未知
151599,未知
69019,未知
70059,未知
276595,未知
47283,未知
277820,未知
259161,未知
259163,未知
259164,未知
259165,未知
259166,未知
259172,未知
259175,未知
259176,未知
259177,未知
259173,未知
75310,未知
105937,未知
21521,未知
37722,未知
21549,未知
70045,未知
70330,未知
22671,未知
21585,未知
21591,未知
8064,未知
69638,未知
69744,未知
117554,未知
17305,未知
20435,未知
73230,未知
75903,未知
186741,未知
233321,未知
36691,未知
111140,未知
21274,未知
21397,未知
76243,未知
32539,未知
21252,未知
21692,未知
70205,未知
68697,未知
5833,未知
75946,未知
152839,未知
182989,未知
186728,未知
78836,未知
139230,未知
58156,未知
8084,未知
106598,未知
12748,未知
25999,未知
182862,未知
48982,未知
31935,未知
71015,未知
76275,未知
73239,未知
68731,未知
236098,未知
58340,未知
86750,未知
70191,未知
158104,未知
186735,未知
49817,未知
42386,未知
69572,未知
180532,未知
10495,未知
111367,未知
42112,未知
259159,未知
259160,未知
279375,未知
21629,未知
9819,未知
12077,未知
79492,未知
21518,未知
33945,未知
86418,未知
68868,未知
120578,未知
72791,未知
36825,未知
21632,未知
11094,未知
69506,未知
86491,未知
22490,未知
7791,未知
12248,未知
8986,未知
129408,未知
16393,未知
56801,未知
58900,未知
159683,未知
7419,未知
83673,未知
3588,未知
42213,未知
21604,未知
69812,未知
13455,未知
86661,未知
62536,未知
45668,未知
20434,未知
21430,未知
23500,未知
43097,未知
69931,未知
180135,未知
182865,未知
40558,未知
65904,未知
153627,未知
79326,未知
117596,未知
79507,未知
75317,未知
84123,未知
150406,未知
42195,未知
53535,未知
69752,未知
21683,未知
21125,未知
20635,未知
193002,未知
7782,未知
12509,未知
28161,未知
12896,未知
12672,未知
70006,未知
69008,未知
80239,未知
61041,未知
42440,未知
17459,未知
64836,未知
147469,未知
2514,未知
68754,未知
70680,未知
25640,未知
12317,未知
11703,未知
22899,未知
22865,未知
80914,未知
83677,未知
49798,未知
31202,未知
26953,未知
55213,未知
53194,未知
22075,未知
131979,未知
186751,未知
80377,未知
35957,未知
109503,未知
57654,未知
62583,未知
36798,未知
17244,未知
28350,未知
180725,未知
83022,未知
230189,未知
53276,未知
69558,未知
72380,未知
15579,未知
7843,未知
65892,未知
68898,未知
193050,未知
160040,未知
58904,未知
21731,未知
58116,未知
9579,未知
12165,未知
68840,未知
111364,未知
45433,未知
21457,未知
42836,未知
69719,未知
68941,未知
69324,未知
105549,未知
193334,未知
13451,未知
186779,未知
147883,未知
193025,未知
55833,未知
10244,未知
43942,未知
21806,未知
24113,未知
60348,未知
104305,未知
79585,未知
147623,未知
21648,未知
27659,未知
69574,未知
7649,未知
49406,未知
12543,未知
180200,未知
148422,未知
3316,未知
189161,未知
49843,未知
21662,未知
53279,未知
60339,未知
55848,未知
20349,未知
79219,未知
69961,未知
73244,未知
105529,未知
159686,未知
51502,未知
21323,未知
21524,未知
69798,未知
69343,未知
70693,未知
7951,未知
79435,未知
80720,未知
35955,未知
27580,未知
69639,未知
70229,未知
69576,未知
106589,未知
109039,未知
12608,未知
89465,未知
28203,未知
69355,未知
44101,未知
42262,未知
86387,未知
186765,未知
21205,未知
75920,未知
80215,未知
22905,未知
70018,未知
68837,未知
39385,未知
42411,未知
69980,未知
88202,未知
45424,未知
70238,未知
195395,未知
17769,未知
49616,未知
79310,未知
45912,未知
149892,未知
14441,未知
135794,未知
69152,未知
82306,未知
42460,未知
21616,未知
68700,未知
69625,未知
202971,未知
11032,未知
7816,未知
42417,未知
41882,未知
69312,未知
70606,未知
73224,未知
195401,未知
121835,未知
53523,未知
68944,未知
84100,未知
79494,未知
58048,未知
22195,未知
68820,未知
41865,未知
21024,未知
58283,未知
68831,未知
182994,未知
21562,未知
68986,未知
180724,未知
89509,未知
42096,未知
68675,未知
70663,未知
117730,未知
69285,未知
158222,未知
193326,未知
42242,未知
21754,未知
7811,未知
75930,未知
69853,未知
68677,未知
69565,未知
87653,未知
7805,未知
193018,未知
79513,未知
186739,未知
86658,未知
21650,未知
65909,未知
65911,未知
69331,未知
276594,未知
241446,未知
27466,未知
96627,未知
68695,未知
193049,未知
126179,未知
28594,未知
46423,未知
107912,未知
130660,未知
49919,未知
106616,未知
39380,未知
69970,未知
24098,未知
44196,未知
21431,未知
8402,未知
79406,未知
42555,未知
183393,未知
202975,未知
60945,未知
49153,未知
,未知
911874,打印
61658,图
448663,碗
764091,绘画
551786,纸草、葬礼、《死者之书》、伊默斯、伊姆霍特普、伊穆塞斯
729644,打印
472562,圣物盒
900001,雕塑
503651,琵琶
42188,图
207247,图
78191,图
329077,雕塑
42733,图
53660,手卷
310453,图
437422,绘画
764095,绘画
206965,Longcase天文调节器
317877,十字
459027,绘画
459028,绘画
544320,石碑
53162,图
200668,半身像
544740,雕像、Yuny、Renenutet、双人、曼纳特、音乐
39901,手卷
53176,图
435848,绘画
42515,杯子
205883,图
816189,挂轴
776714,挂轴
824771,绘图
436102,绘画
707476,盘子
53190,图
192770,缓解
53222,挂轴
438821,绘画
203842,立式货架
437261,绘画
460281,会幕息肉
194191,钟表
38006,唐卡
452102,时期房间
49068,挂轴
207157,图
237451,图
137808,未知
136877,未知
135914,未知
135810,未知
135666,未知
135622,未知
135613,未知
135354,未知
135206,未知
134589,未知
134458,未知
134443,未知
134229,未知
60812,未知
57306,未知
56238,未知
55803,未知
52959,未知
51102,未知
40352,未知
38924,未知
37489,未知
37279,未知
33643,未知
33564,未知
33539,未知
32473,未知
32221,未知
29551,未知
23744,未知
22247,未知
14878,未知
14756,未知
10056,未知
8898,未知
137492,未知
137483,未知
137477,未知
137427,未知
137169,未知
137157,未知
137156,未知
137152,未知
136896,未知
135904,未知
135887,未知
135811,未知
135798,未知
135691,未知
135671,未知
135610,未知
135609,未知
135550,未知
135379,未知
135367,未知
134595,未知
134170,未知
133910,未知
102729,未知
73907,未知
60769,未知
58857,未知
57758,未知
57716,未知
55813,未知
54926,未知
54821,未知
47645,未知
47566,未知
46033,未知
45401,未知
45237,未知
40020,未知
37441,未知
33230,未知
32983,未知
32872,未知
32381,未知
32255,未知
31852,未知
31464,未知
29713,未知
23888,未知
15336,未知
8161,未知
137698,未知
137260,未知
137162,未知
137149,未知
136885,未知
136880,未知
135975,未知
135872,未知
135796,未知
135759,未知
135674,未知
135664,未知
135660,未知
135632,未知
135201,未知
134740,未知
134439,未知
58878,未知
58869,未知
58068,未知
57720,未知
44648,未知
42352,未知
39108,未知
32890,未知
31803,未知
31420,未知
29134,未知
22494,未知
20821,未知
19912,未知
17473,未知
13871,未知
9790,未知
9449,未知
137406,未知
137291,未知
137264,未知
136912,未知
135921,未知
135888,未知
135683,未知
135589,未知
135554,未知
135549,未知
135185,未知
134737,未知
134554,未知
134191,未知
134165,未知
134164,未知
129689,未知
61090,未知
60584,未知
56302,未知
39164,未知
35195,未知
33737,未知
32861,未知
32398,未知
32269,未知
31482,未知
29435,未知
21079,未知
18597,未知
18583,未知
16210,未知
12950,未知
9231,未知
8894,未知
137460,未知
137407,未知
137348,未知
137249,未知
136905,未知
136900,未知
136891,未知
136792,未知
135889,未知
135817,未知
135814,未知
135728,未知
135696,未知
135643,未知
135637,未知
135624,未知
135618,未知
135587,未知
135521,未知
135244,未知
134682,未知
134355,未知
133913,未知
60811,未知
58888,未知
58884,未知
58858,未知
57754,未知
55939,未知
55163,未知
51098,未知
45518,未知
42370,未知
37626,未知
36886,未知
32898,未知
32714,未知
32245,未知
31653,未知
30620,未知
28330,未知
22540,未知
16650,未知
8146,未知
6858,未知
137284,未知
52886,未知
135715,未知
137282,未知
135653,未知
135640,未知
137297,未知
136920,未知
135642,未知
137290,未知
135639,未知
137410,未知
137365,未知
137344,未知
135964,未知
135815,未知
135561,未知
135290,未知
45692,未知
23368,未知
137366,未知
135869,未知
135559,未知
135313,未知
135306,未知
135231,未知
37985,未知
25246,未知
13563,未知
137677,未知
135308,未知
135289,未知
137428,未知
137287,未知
135520,未知
135312,未知
135303,未知
134167,未知
24961,未知
135311,未知
137435,未知
137275,未知
137296,未知
145721,未知
145719,未知
145718,未知
145716,未知
145714,未知
145710,未知
145703,未知
145675,未知
145612,未知
145378,未知
145376,未知
145346,未知
145309,未知
145273,未知
145270,未知
145269,未知
145266,未知
145221,未知
145220,未知
145215,未知
145214,未知
145211,未知
145210,未知
145207,未知
145206,未知
145180,未知
145178,未知
145174,未知
145169,未知
145166,未知
145163,未知
145160,未知
145158,未知
145157,未知
145153,未知
145148,未知
145137,未知
145136,未知
145133,未知
145070,未知
145052,未知
145032,未知
145030,未知
145020,未知
145016,未知
144953,未知
144944,未知
144937,未知
144931,未知
144927,未知
144926,未知
144918,未知
144891,未知
144890,未知
144885,未知
144884,未知
144882,未知
144878,未知
144874,未知
144849,未知
144818,未知
144811,未知
144801,未知
144797,未知
144796,未知
144794,未知
144785,未知
144783,未知
144743,未知
144736,未知
144722,未知
144721,未知
144720,未知
144718,未知
144717,未知
144714,未知
144551,未知
144371,未知
144369,未知
144364,未知
144362,未知
144289,未知
144288,未知
144254,未知
144251,未知
144249,未知
144247,未知
144216,未知
144215,未知
144015,未知
143999,未知
143923,未知
143921,未知
143916,未知
143911,未知
143909,未知
143904,未知
143892,未知
143816,未知
143810,未知
143709,未知
143707,未知
143696,未知
143695,未知
143686,未知
143676,未知
143672,未知
143433,未知
143429,未知
143427,未知
143423,未知
143422,未知
142946,未知
142942,未知
142940,未知
142928,未知
142926,未知
142922,未知
142918,未知
142914,未知
142911,未知
142906,未知
142905,未知
142890,未知
142843,未知
142835,未知
142832,未知
142805,未知
142789,未知
142772,未知
142765,未知
142759,未知
142755,未知
142754,未知
142751,未知
142677,未知
142673,未知
142568,未知
142514,未知
142513,未知
142510,未知
142506,未知
142497,未知
142492,未知
142482,未知
142481,未知
142477,未知
142436,未知
142421,未知
142408,未知
142269,未知
142268,未知
142265,未知
142264,未知
142234,未知
142150,未知
142148,未知
142144,未知
142112,未知
142110,未知
142081,未知
142075,未知
142069,未知
142066,未知
142051,未知
142037,未知
142033,未知
142032,未知
142031,未知
142005,未知
142002,未知
142001,未知
142000,未知
141989,未知
141960,未知
141956,未知
141948,未知
141933,未知
141930,未知
141929,未知
141928,未知
141922,未知
141919,未知
141918,未知
141915,未知
141913,未知
141912,未知
141861,未知
141857,未知
141855,未知
141854,未知
141853,未知
141850,未知
141843,未知
141835,未知
141833,未知
141831,未知
141821,未知
141810,未知
141809,未知
141807,未知
141806,未知
141804,未知
141803,未知
141792,未知
141785,未知
141747,未知
141742,未知
141741,未知
141738,未知
141732,未知
141729,未知
141725,未知
141716,未知
141715,未知
141713,未知
141709,未知
141688,未知
141686,未知
141684,未知
141653,未知
141652,未知
141594,未知
141586,未知
141517,未知
141514,未知
141512,未知
141510,未知
141189,未知
141165,未知
141163,未知
141159,未知
141137,未知
141136,未知
141123,未知
141114,未知
141108,未知
141103,未知
141099,未知
141087,未知
141075,未知
141072,未知
141061,未知
141048,未知
141042,未知
141040,未知
141033,未知
141032,未知
141030,未知
141012,未知
141010,未知
141007,未知
141006,未知
140974,未知
140964,未知
140959,未知
140943,未知
140942,未知
140941,未知
140940,未知
140931,未知
140926,未知
140887,未知
140867,未知
140862,未知
140849,未知
140841,未知
140835,未知
140818,未知
140817,未知
140815,未知
140814,未知
140807,未知
140804,未知
140803,未知
140795,未知
140789,未知
140788,未知
140784,未知
140781,未知
140770,未知
140765,未知
140763,未知
140749,未知
140748,未知
140745,未知
140731,未知
140727,未知
140723,未知
140714,未知
140711,未知
140709,未知
140708,未知
140706,未知
140705,未知
140704,未知
140703,未知
140698,未知
140695,未知
140633,未知
140623,未知
140621,未知
140620,未知
140619,未知
140571,未知
140570,未知
140501,未知
140466,未知
140452,未知
140451,未知
140440,未知
140428,未知
140427,未知
140383,未知
140380,未知
140314,未知
140313,未知
140307,未知
140296,未知
140278,未知
140263,未知
140249,未知
140219,未知
140216,未知
140214,未知
140209,未知
140133,未知
140132,未知
140107,未知
140077,未知
138664,未知
138646,未知
138645,未知
138613,未知
138592,未知
138591,未知
138585,未知
138582,未知
138543,未知
138542,未知
138525,未知
138493,未知
138429,未知
138420,未知
138414,未知
138411,未知
138407,未知
138405,未知
138403,未知
138393,未知
138389,未知
138388,未知
138383,未知
138371,未知
138361,未知
138358,未知
138351,未知
138315,未知
138309,未知
138308,未知
138251,未知
138247,未知
138235,未知
138214,未知
138208,未知
138202,未知
138188,未知
138183,未知
138154,未知
138150,未知
138122,未知
137873,未知
137868,未知
137867,未知
137862,未知
137851,未知
137843,未知
137822,未知
137820,未知
137812,未知
137810,未知
137803,未知
137802,未知
137801,未知
137791,未知
137778,未知
137776,未知
137745,未知
137736,未知
137726,未知
137725,未知
137722,未知
137710,未知
137702,未知
137700,未知
137694,未知
137691,未知
137687,未知
137673,未知
137671,未知
137659,未知
137648,未知
137645,未知
137640,未知
137639,未知
137626,未知
137624,未知
137607,未知
137605,未知
137599,未知
137595,未知
137593,未知
137592,未知
137589,未知
137587,未知
137584,未知
137581,未知
137576,未知
137575,未知
137572,未知
137571,未知
137562,未知
137561,未知
137559,未知
137551,未知
137545,未知
137543,未知
137529,未知
137524,未知
137523,未知
137515,未知
137506,未知
137491,未知
137482,未知
137480,未知
137475,未知
137474,未知
137469,未知
137462,未知
137455,未知
137351,未知
137349,未知
137193,未知
136907,未知
136904,未知
136882,未知
135970,未知
135963,未知
135917,未知
135897,未知
135870,未知
135838,未知
135828,未知
135812,未知
135805,未知
135803,未知
135795,未知
135784,未知
135778,未知
135771,未知
135765,未知
135764,未知
135758,未知
135753,未知
135752,未知
135751,未知
135745,未知
135727,未知
135726,未知
135709,未知
135690,未知
135677,未知
135655,未知
135626,未知
135625,未知
135611,未知
135591,未知
135585,未知
135567,未知
135519,未知
135517,未知
135515,未知
135512,未知
135508,未知
135503,未知
135499,未知
135497,未知
135496,未知
135492,未知
135484,未知
135482,未知
135477,未知
135476,未知
135471,未知
135469,未知
135468,未知
135466,未知
135465,未知
135464,未知
135463,未知
135459,未知
135458,未知
135455,未知
135447,未知
135444,未知
135439,未知
135437,未知
135426,未知
135422,未知
135401,未知
135395,未知
135390,未知
135388,未知
135380,未知
135378,未知
135377,未知
135362,未知
135359,未知
135336,未知
135280,未知
135274,未知
135271,未知
135265,未知
135261,未知
135229,未知
135225,未知
135216,未知
135211,未知
135210,未知
135208,未知
135197,未知
135164,未知
135118,未知
135114,未知
134926,未知
134922,未知
134742,未知
134731,未知
134709,未知
134702,未知
134650,未知
134641,未知
134640,未知
134639,未知
134638,未知
134614,未知
134609,未知
134591,未知
134588,未知
134570,未知
134569,未知
134568,未知
134564,未知
134561,未知
134551,未知
134538,未知
134537,未知
134502,未知
134501,未知
134497,未知
134495,未知
134482,未知
134481,未知
134475,未知
134473,未知
134468,未知
134467,未知
134464,未知
134444,未知
134441,未知
134435,未知
134400,未知
134398,未知
134393,未知
134390,未知
134322,未知
134321,未知
134187,未知
134181,未知
134176,未知
134175,未知
134163,未知
134148,未知
134138,未知
134108,未知
134089,未知
134084,未知
134078,未知
134071,未知
134067,未知
134049,未知
134048,未知
134043,未知
134041,未知
134040,未知
134036,未知
134034,未知
134004,未知
134000,未知
133999,未知
133997,未知
133986,未知
133969,未知
133968,未知
133967,未知
133960,未知
133947,未知
133943,未知
133937,未知
133936,未知
133930,未知
133928,未知
133919,未知
133916,未知
133911,未知
133906,未知
133905,未知
133904,未知
133898,未知
133887,未知
133372,未知
133369,未知
133365,未知
133246,未知
133230,未知
133226,未知
132803,未知
132802,未知
132800,未知
132361,未知
131983,未知
131980,未知
131632,未知
131438,未知
130334,未知
130324,未知
130322,未知
130314,未知
130312,未知
130306,未知
130278,未知
130146,未知
129905,未知
129894,未知
129893,未知
129892,未知
129891,未知
129886,未知
129881,未知
129880,未知
129875,未知
129866,未知
129854,未知
129852,未知
129816,未知
129808,未知
129802,未知
129801,未知
129742,未知
129739,未知
129728,未知
129699,未知
129693,未知
129679,未知
129621,未知
129618,未知
129611,未知
129608,未知
129602,未知
129601,未知
129598,未知
129581,未知
129563,未知
129558,未知
129555,未知
129549,未知
129533,未知
129529,未知
129522,未知
129521,未知
129509,未知
129503,未知
129429,未知
129376,未知
129335,未知
129319,未知
129316,未知
129258,未知
128827,未知
128825,未知
128821,未知
128806,未知
128802,未知
128798,未知
128789,未知
128788,未知
128735,未知
128733,未知
128728,未知
128723,未知
128720,未知
128703,未知
128701,未知
128698,未知
128696,未知
128695,未知
128686,未知
128671,未知
128669,未知
128666,未知
128660,未知
128659,未知
128658,未知
128655,未知
128654,未知
128651,未知
128647,未知
128593,未知
128588,未知
128571,未知
128567,未知
128553,未知
128543,未知
128497,未知
128456,未知
128414,未知
128407,未知
128405,未知
128403,未知
128396,未知
128394,未知
128393,未知
128364,未知
128358,未知
128339,未知
128338,未知
128330,未知
128324,未知
128314,未知
128303,未知
128101,未知
128096,未知
128094,未知
128092,未知
128085,未知
128083,未知
128082,未知
128081,未知
128079,未知
128074,未知
128046,未知
127843,未知
127840,未知
127836,未知
127834,未知
127832,未知
127830,未知
127810,未知
127575,未知
127574,未知
127571,未知
127022,未知
127018,未知
127009,未知
127006,未知
127005,未知
126999,未知
126986,未知
126788,未知
126787,未知
126780,未知
126772,未知
126770,未知
126684,未知
126681,未知
126676,未知
126670,未知
126622,未知
126617,未知
126615,未知
126613,未知
126074,未知
126063,未知
126062,未知
126061,未知
126053,未知
126049,未知
126047,未知
126046,未知
126040,未知
126033,未知
126030,未知
126027,未知
126023,未知
126015,未知
126011,未知
126003,未知
125997,未知
125994,未知
125985,未知
125983,未知
125976,未知
125971,未知
125970,未知
125961,未知
125959,未知
125958,未知
125957,未知
125956,未知
125954,未知
125948,未知
125945,未知
125942,未知
125936,未知
125935,未知
125928,未知
125921,未知
125920,未知
125917,未知
125913,未知
125912,未知
125911,未知
125909,未知
125896,未知
125886,未知
125881,未知
125879,未知
125844,未知
125839,未知
125838,未知
125831,未知
125826,未知
125823,未知
125822,未知
125815,未知
125809,未知
125806,未知
125776,未知
125773,未知
125772,未知
125639,未知
125632,未知
125628,未知
125624,未知
125621,未知
125614,未知
125610,未知
125608,未知
125607,未知
125606,未知
125605,未知
125604,未知
125536,未知
125510,未知
125478,未知
125473,未知
125468,未知
125464,未知
125460,未知
125445,未知
125405,未知
125398,未知
125395,未知
125381,未知
125379,未知
125378,未知
125371,未知
125366,未知
125364,未知
125356,未知
125354,未知
125349,未知
124604,未知
124592,未知
124585,未知
124582,未知
124088,未知
124086,未知
124085,未知
124080,未知
123910,未知
123897,未知
123895,未知
123890,未知
123889,未知
123884,未知
123743,未知
123735,未知
123506,未知
122917,未知
122915,未知
122621,未知
122368,未知
122367,未知
121825,未知
121521,未知
121519,未知
121497,未知
121496,未知
121456,未知
120887,未知
120852,未知
120851,未知
120849,未知
120847,未知
118649,未知
118645,未知
118620,未知
118617,未知
118589,未知
118588,未知
118587,未知
118582,未知
118578,未知
118577,未知
118534,未知
118498,未知
118494,未知
118489,未知
118488,未知
118485,未知
118484,未知
118482,未知
118477,未知
118465,未知
117611,未知
117610,未知
117607,未知
117545,未知
117343,未知
117339,未知
117336,未知
117323,未知
117322,未知
117319,未知
117318,未知
117310,未知
117309,未知
117298,未知
117293,未知
117289,未知
117282,未知
117281,未知
117264,未知
117260,未知
116776,未知
116462,未知
116461,未知
116362,未知
115984,未知
115918,未知
115907,未知
115721,未知
115717,未知
115714,未知
115642,未知
115163,未知
115058,未知
115053,未知
115050,未知
115039,未知
113495,未知
113321,未知
113319,未知
113317,未知
113316,未知
113314,未知
112660,未知
112651,未知
112646,未知
112644,未知
112639,未知
112631,未知
112630,未知
112617,未知
112596,未知
112593,未知
112568,未知
112563,未知
112560,未知
112558,未知
112553,未知
112552,未知
112545,未知
112543,未知
112540,未知
112539,未知
112448,未知
112445,未知
112443,未知
112440,未知
112438,未知
111783,未知
111118,未知
111099,未知
110990,未知
110989,未知
110979,未知
110970,未知
110968,未知
110966,未知
110963,未知
110962,未知
110959,未知
110958,未知
110956,未知
110951,未知
110947,未知
110943,未知
110939,未知
110938,未知
110935,未知
110927,未知
110915,未知
110911,未知
110908,未知
110903,未知
110902,未知
110893,未知
110889,未知
110888,未知
110883,未知
110876,未知
110873,未知
110872,未知
110870,未知
110865,未知
110864,未知
110863,未知
110861,未知
110857,未知
110855,未知
110854,未知
110850,未知
110841,未知
110839,未知
110838,未知
110836,未知
110834,未知
110818,未知
110816,未知
110812,未知
110798,未知
110796,未知
110795,未知
110790,未知
110762,未知
110758,未知
110756,未知
110753,未知
110749,未知
110748,未知
110745,未知
110740,未知
110730,未知
110724,未知
110720,未知
110714,未知
110712,未知
110711,未知
110706,未知
110695,未知
110693,未知
110690,未知
110689,未知
110685,未知
110684,未知
110676,未知
110675,未知
110670,未知
110658,未知
110653,未知
110650,未知
110639,未知
110616,未知
110608,未知
110607,未知
110605,未知
110598,未知
110596,未知
110592,未知
110588,未知
110586,未知
110585,未知
110583,未知
110582,未知
110581,未知
110579,未知
110578,未知
110573,未知
110569,未知
110568,未知
110566,未知
110565,未知
110563,未知
110559,未知
110548,未知
110540,未知
110538,未知
110535,未知
110534,未知
110529,未知
110526,未知
110524,未知
110522,未知
110519,未知
110514,未知
110507,未知
110504,未知
110210,未知
109051,未知
109043,未知
108818,未知
108757,未知
108755,未知
108754,未知
108751,未知
108750,未知
108748,未知
108747,未知
108703,未知
108699,未知
108698,未知
108695,未知
108685,未知
108674,未知
108662,未知
108659,未知
108657,未知
108655,未知
108652,未知
108649,未知
108645,未知
108641,未知
108640,未知
108634,未知
108626,未知
108625,未知
108623,未知
108615,未知
108205,未知
107993,未知
107953,未知
107950,未知
107947,未知
107933,未知
107914,未知
107896,未知
107892,未知
107831,未知
107798,未知
107797,未知
107788,未知
107787,未知
107778,未知
107772,未知
107762,未知
107742,未知
107740,未知
107739,未知
107736,未知
107735,未知
107734,未知
107731,未知
107686,未知
107478,未知
107477,未知
107472,未知
107470,未知
107468,未知
107467,未知
107466,未知
106338,未知
106337,未知
103940,未知
103937,未知
103936,未知
103899,未知
103886,未知
103878,未知
103520,未知
103515,未知
103513,未知
103512,未知
103451,未知
103118,未知
103076,未知
103063,未知
103062,未知
103058,未知
103052,未知
103049,未知
103045,未知
102977,未知
102964,未知
102959,未知
102712,未知
102684,未知
102681,未知
102671,未知
102665,未知
102661,未知
102657,未知
102656,未知
102611,未知
102599,未知
102598,未知
102597,未知
102594,未知
102592,未知
102589,未知
102584,未知
102583,未知
102582,未知
102432,未知
102418,未知
102416,未知
102415,未知
102411,未知
102407,未知
102405,未知
102375,未知
102374,未知
102371,未知
102368,未知
102367,未知
102360,未知
102358,未知
101337,未知
101130,未知
101126,未知
101113,未知
98865,未知
97031,未知
94926,未知
94060,未知
94047,未知
94042,未知
94038,未知
94032,未知
93985,未知
93898,未知
93723,未知
93636,未知
93634,未知
93437,未知
93433,未知
93413,未知
93411,未知
93408,未知
93406,未知
93405,未知
93379,未知
93377,未知
93370,未知
93367,未知
93365,未知
93361,未知
93355,未知
93326,未知
92465,未知
92426,未知
92419,未知
92232,未知
91951,未知
91690,未知
91689,未知
91685,未知
91682,未知
91662,未知
91655,未知
91583,未知
91562,未知
91527,未知
91279,未知
90633,未知
90620,未知
90616,未知
90482,未知
90311,未知
90305,未知
90259,未知
90223,未知
90126,未知
90086,未知
89720,未知
89595,未知
89562,未知
89559,未知
89540,未知
89521,未知
89520,未知
89519,未知
89517,未知
89498,未知
89486,未知
89365,未知
89364,未知
89330,未知
89167,未知
89086,未知
89071,未知
88499,未知
88351,未知
88350,未知
88349,未知
88347,未知
88345,未知
88344,未知
88336,未知
88335,未知
88322,未知
88318,未知
88315,未知
88314,未知
88312,未知
88309,未知
88308,未知
88307,未知
88304,未知
88302,未知
88299,未知
88294,未知
88286,未知
88285,未知
88282,未知
88279,未知
88278,未知
88274,未知
88272,未知
88262,未知
88116,未知
87645,未知
87622,未知
87621,未知
87620,未知
87618,未知
87606,未知
87589,未知
87581,未知
87547,未知
87545,未知
87539,未知
87537,未知
87505,未知
87501,未知
87492,未知
87487,未知
87481,未知
87479,未知
87469,未知
87458,未知
87446,未知
87443,未知
87440,未知
87431,未知
87430,未知
87424,未知
87410,未知
87398,未知
87394,未知
87382,未知
87380,未知
87374,未知
87370,未知
87368,未知
87366,未知
87351,未知
87345,未知
87343,未知
87314,未知
87312,未知
87311,未知
87309,未知
87297,未知
87293,未知
87292,未知
87291,未知
87290,未知
87287,未知
87282,未知
87281,未知
87273,未知
87272,未知
87270,未知
87259,未知
87258,未知
87257,未知
87242,未知
87235,未知
87234,未知
87233,未知
87232,未知
87229,未知
87227,未知
87226,未知
87225,未知
87224,未知
87223,未知
87216,未知
87208,未知
87200,未知
87199,未知
87197,未知
87184,未知
87176,未知
87164,未知
87163,未知
87156,未知
87152,未知
87151,未知
87148,未知
87138,未知
87115,未知
87110,未知
87109,未知
87102,未知
87100,未知
87097,未知
87095,未知
87086,未知
87085,未知
87084,未知
87066,未知
87057,未知
87053,未知
87047,未知
87043,未知
87041,未知
87039,未知
87034,未知
87033,未知
87023,未知
87018,未知
87014,未知
86994,未知
86984,未知
86981,未知
86980,未知
86978,未知
86974,未知
86951,未知
86841,未知
86832,未知
86816,未知
86814,未知
86807,未知
86787,未知
86779,未知
86773,未知
86762,未知
86753,未知
86742,未知
86737,未知
86735,未知
86734,未知
86733,未知
86729,未知
86728,未知
86726,未知
86716,未知
86714,未知
86710,未知
86709,未知
86702,未知
86701,未知
86695,未知
86694,未知
86693,未知
86682,未知
86679,未知
86677,未知
86674,未知
86671,未知
86662,未知
86659,未知
86656,未知
86652,未知
86651,未知
86647,未知
86644,未知
86642,未知
86607,未知
86567,未知
86566,未知
86565,未知
86562,未知
86559,未知
86558,未知
86459,未知
86458,未知
86457,未知
86456,未知
86454,未知
86446,未知
86442,未知
86428,未知
86374,未知
86369,未知
86361,未知
86356,未知
86355,未知
86352,未知
86346,未知
86342,未知
86340,未知
86334,未知
86332,未知
86321,未知
86314,未知
86311,未知
86308,未知
86305,未知
86304,未知
86302,未知
86296,未知
86294,未知
86291,未知
86288,未知
86287,未知
86268,未知
86267,未知
86266,未知
86259,未知
86256,未知
86255,未知
86242,未知
86238,未知
86232,未知
86224,未知
86216,未知
86215,未知
86202,未知
86194,未知
86186,未知
86180,未知
86165,未知
86164,未知
86152,未知
86150,未知
86149,未知
86076,未知
86073,未知
86069,未知
86067,未知
86048,未知
86004,未知
86000,未知
85998,未知
85939,未知
85896,未知
85870,未知
85620,未知
85614,未知
85602,未知
85598,未知
85591,未知
85583,未知
85577,未知
85551,未知
85546,未知
85543,未知
85538,未知
85537,未知
85530,未知
85523,未知
85519,未知
85508,未知
85481,未知
85477,未知
85467,未知
85456,未知
85452,未知
85436,未知
85433,未知
85432,未知
85430,未知
85413,未知
85394,未知
85393,未知
85392,未知
85389,未知
85387,未知
85386,未知
85385,未知
85383,未知
85373,未知
85367,未知
85363,未知
85349,未知
85347,未知
85128,未知
81859,未知
81653,未知
81518,未知
81285,未知
81245,未知
81238,未知
81201,未知
81199,未知
81156,未知
81150,未知
81143,未知
81083,未知
81060,未知
81050,未知
81036,未知
81035,未知
81009,未知
81001,未知
80981,未知
80944,未知
80940,未知
80466,未知
80008,未知
80003,未知
80001,未知
79999,未知
79922,未知
79921,未知
79903,未知
79902,未知
79901,未知
79899,未知
79898,未知
79896,未知
79894,未知
79893,未知
79890,未知
79882,未知
79879,未知
79875,未知
79872,未知
79869,未知
79864,未知
79863,未知
79859,未知
79854,未知
79848,未知
79833,未知
79832,未知
79829,未知
79826,未知
79813,未知
79811,未知
79630,未知
79629,未知
79621,未知
79618,未知
79612,未知
79611,未知
77951,未知
77950,未知
77941,未知
77940,未知
77888,未知
77887,未知
77884,未知
77880,未知
77879,未知
77876,未知
74247,未知
74213,未知
74211,未知
74194,未知
74192,未知
74190,未知
74187,未知
74186,未知
74182,未知
74177,未知
74174,未知
74173,未知
74171,未知
74169,未知
74164,未知
74163,未知
74159,未知
74157,未知
74126,未知
74122,未知
74120,未知
74118,未知
74115,未知
74086,未知
74085,未知
74080,未知
74075,未知
74073,未知
74070,未知
74051,未知
74038,未知
74036,未知
74033,未知
74032,未知
74024,未知
74022,未知
73879,未知
73867,未知
73747,未知
73742,未知
73729,未知
73727,未知
73705,未知
73702,未知
73701,未知
73688,未知
73678,未知
73675,未知
73674,未知
73661,未知
73658,未知
73657,未知
73654,未知
73634,未知
73632,未知
73626,未知
73625,未知
73624,未知
73623,未知
73621,未知
73614,未知
73613,未知
73606,未知
73596,未知
73594,未知
73590,未知
73586,未知
73583,未知
73582,未知
73580,未知
73579,未知
73573,未知
73569,未知
73565,未知
73564,未知
73553,未知
73549,未知
73548,未知
73545,未知
73543,未知
73500,未知
73494,未知
73426,未知
73423,未知
73421,未知
73418,未知
73417,未知
73416,未知
73405,未知
73404,未知
73403,未知
73389,未知
73378,未知
73374,未知
73370,未知
73368,未知
73367,未知
73363,未知
73357,未知
73355,未知
73352,未知
73344,未知
73343,未知
73338,未知
73333,未知
73325,未知
73219,未知
73038,未知
72968,未知
72922,未知
72907,未知
72863,未知
72857,未知
72852,未知
72851,未知
72845,未知
72837,未知
72836,未知
72835,未知
72833,未知
72778,未知
72773,未知
72769,未知
72764,未知
72762,未知
72751,未知
72746,未知
72732,未知
72721,未知
72716,未知
72715,未知
72705,未知
72698,未知
72693,未知
72686,未知
72682,未知
72677,未知
72659,未知
72655,未知
72652,未知
72645,未知
72644,未知
72643,未知
72636,未知
72634,未知
72633,未知
72629,未知
72620,未知
72610,未知
72605,未知
72604,未知
72602,未知
72591,未知
72590,未知
72574,未知
72570,未知
72565,未知
72564,未知
72563,未知
72561,未知
72437,未知
72360,未知
71763,未知
71750,未知
71743,未知
71737,未知
71733,未知
71732,未知
71726,未知
71723,未知
71722,未知
71716,未知
71714,未知
71710,未知
71704,未知
71702,未知
71701,未知
71699,未知
71697,未知
71684,未知
71676,未知
71670,未知
71666,未知
71661,未知
71658,未知
71656,未知
71653,未知
71650,未知
71648,未知
71644,未知
71642,未知
71641,未知
71615,未知
71614,未知
71613,未知
71612,未知
71607,未知
71580,未知
71579,未知
71563,未知
71550,未知
71542,未知
71534,未知
71528,未知
71525,未知
71524,未知
71440,未知
71434,未知
71433,未知
71432,未知
71431,未知
71427,未知
71422,未知
71418,未知
71417,未知
71415,未知
71414,未知
71407,未知
71404,未知
71403,未知
71398,未知
71397,未知
71392,未知
71391,未知
71387,未知
71381,未知
71375,未知
71374,未知
71361,未知
71358,未知
71356,未知
71354,未知
71337,未知
71332,未知
71326,未知
71324,未知
71323,未知
71317,未知
71316,未知
71312,未知
71309,未知
71308,未知
71298,未知
71292,未知
71291,未知
71287,未知
71285,未知
71279,未知
71271,未知
71262,未知
71254,未知
71252,未知
71251,未知
71246,未知
71244,未知
71235,未知
71231,未知
71230,未知
71222,未知
71221,未知
71220,未知
71213,未知
71210,未知
71207,未知
71194,未知
71179,未知
71175,未知
71174,未知
71173,未知
71172,未知
71170,未知
71161,未知
71158,未知
71155,未知
71146,未知
71134,未知
71130,未知
71126,未知
71124,未知
71120,未知
71115,未知
71113,未知
71112,未知
71106,未知
71103,未知
71091,未知
71089,未知
71085,未知
71078,未知
71074,未知
71068,未知
71066,未知
71062,未知
71053,未知
71051,未知
71048,未知
71039,未知
71036,未知
71034,未知
71030,未知
71026,未知
71025,未知
71024,未知
71023,未知
71018,未知
71010,未知
71006,未知
71002,未知
70998,未知
70992,未知
70988,未知
70979,未知
70978,未知
70972,未知
70969,未知
70960,未知
70942,未知
70939,未知
70930,未知
70916,未知
70912,未知
70909,未知
70900,未知
70896,未知
70812,未知
70805,未知
70801,未知
70797,未知
70794,未知
70790,未知
70788,未知
70783,未知
70780,未知
70779,未知
70772,未知
70767,未知
70762,未知
70758,未知
70746,未知
70745,未知
70738,未知
70732,未知
70730,未知
70726,未知
70720,未知
70708,未知
70685,未知
70682,未知
70646,未知
70643,未知
70636,未知
70633,未知
70632,未知
70631,未知
70629,未知
70624,未知
70623,未知
70618,未知
70615,未知
70612,未知
70576,未知
70573,未知
70567,未知
70564,未知
70562,未知
70561,未知
70556,未知
70555,未知
70554,未知
70535,未知
70533,未知
70532,未知
70531,未知
70529,未知
70527,未知
70513,未知
70512,未知
70510,未知
70505,未知
70502,未知
70497,未知
70495,未知
70478,未知
70477,未知
70469,未知
70468,未知
70453,未知
70442,未知
70430,未知
70412,未知
70409,未知
70404,未知
70401,未知
70400,未知
70390,未知
70389,未知
70383,未知
70381,未知
70373,未知
70366,未知
70346,未知
70345,未知
70344,未知
70337,未知
70335,未知
70326,未知
70321,未知
70320,未知
70317,未知
70307,未知
70306,未知
70300,未知
70292,未知
70289,未知
70285,未知
70284,未知
70280,未知
70278,未知
70275,未知
70273,未知
70272,未知
70269,未知
70266,未知
70262,未知
70250,未知
70247,未知
70243,未知
70236,未知
70210,未知
70208,未知
70194,未知
70186,未知
70185,未知
70172,未知
70163,未知
70161,未知
70147,未知
70145,未知
70142,未知
70137,未知
70132,未知
70124,未知
70122,未知
70105,未知
70096,未知
70069,未知
70058,未知
70056,未知
70055,未知
70054,未知
70049,未知
70046,未知
70042,未知
70039,未知
70029,未知
70025,未知
70022,未知
70017,未知
70015,未知
70014,未知
70012,未知
70011,未知
70005,未知
69997,未知
69992,未知
69986,未知
69981,未知
69979,未知
69977,未知
69967,未知
69965,未知
69960,未知
69957,未知
69954,未知
69953,未知
69952,未知
69951,未知
69921,未知
69915,未知
69910,未知
69905,未知
69901,未知
69896,未知
69895,未知
69886,未知
69883,未知
69879,未知
69871,未知
69866,未知
69863,未知
69861,未知
69849,未知
69848,未知
69835,未知
69819,未知
69814,未知
69813,未知
69807,未知
69804,未知
69800,未知
69795,未知
69768,未知
69764,未知
69757,未知
69754,未知
69751,未知
69741,未知
69737,未知
69729,未知
69722,未知
69720,未知
69716,未知
69707,未知
69687,未知
69679,未知
69674,未知
69671,未知
69670,未知
69661,未知
69660,未知
69659,未知
69650,未知
69645,未知
69640,未知
69634,未知
69633,未知
69631,未知
69624,未知
69623,未知
69622,未知
69608,未知
69604,未知
69603,未知
69596,未知
69593,未知
69588,未知
69587,未知
69584,未知
69578,未知
69569,未知
69567,未知
69561,未知
69555,未知
69540,未知
69525,未知
69521,未知
69510,未知
69497,未知
69495,未知
69490,未知
69485,未知
69477,未知
69474,未知
69465,未知
69461,未知
69459,未知
69454,未知
69452,未知
69449,未知
69443,未知
69439,未知
69421,未知
69418,未知
69414,未知
69403,未知
69399,未知
69397,未知
69395,未知
69390,未知
69381,未知
69379,未知
69373,未知
69362,未知
69344,未知
69342,未知
69338,未知
69326,未知
69321,未知
69315,未知
69300,未知
69299,未知
69298,未知
69296,未知
69286,未知
69284,未知
69283,未知
69274,未知
69271,未知
69267,未知
69266,未知
69264,未知
69258,未知
69257,未知
69255,未知
69254,未知
69251,未知
69248,未知
69238,未知
69229,未知
69224,未知
69220,未知
69215,未知
69203,未知
69196,未知
69194,未知
69193,未知
69189,未知
69188,未知
69181,未知
69168,未知
69164,未知
69159,未知
69147,未知
69142,未知
69141,未知
69135,未知
69133,未知
69130,未知
69128,未知
69125,未知
69121,未知
69112,未知
69109,未知
69106,未知
69104,未知
69097,未知
69084,未知
69079,未知
69078,未知
69072,未知
69071,未知
69069,未知
69068,未知
69058,未知
69043,未知
69042,未知
69041,未知
69037,未知
69025,未知
69014,未知
69002,未知
68982,未知
68979,未知
68972,未知
68955,未知
68949,未知
68947,未知
68940,未知
68939,未知
68924,未知
68922,未知
68906,未知
68900,未知
68895,未知
68887,未知
68875,未知
68865,未知
68863,未知
68856,未知
68844,未知
68839,未知
68833,未知
68826,未知
68815,未知
68812,未知
68810,未知
68806,未知
68796,未知
68790,未知
68788,未知
68786,未知
68782,未知
68772,未知
68770,未知
68768,未知
68765,未知
68763,未知
68759,未知
68758,未知
68757,未知
68756,未知
68755,未知
68753,未知
68740,未知
68734,未知
68719,未知
68710,未知
68708,未知
68673,未知
68672,未知
68667,未知
68664,未知
68663,未知
68650,未知
68648,未知
68647,未知
68644,未知
68642,未知
68640,未知
68639,未知
68637,未知
68636,未知
68630,未知
68627,未知
68608,未知
68607,未知
68605,未知
68603,未知
68595,未知
68593,未知
68582,未知
68578,未知
68572,未知
68560,未知
68559,未知
68554,未知
68547,未知
68535,未知
68531,未知
68524,未知
68518,未知
68510,未知
68504,未知
68502,未知
68498,未知
68491,未知
68490,未知
68486,未知
68484,未知
68483,未知
68475,未知
68467,未知
68466,未知
68465,未知
68463,未知
68459,未知
68454,未知
68450,未知
68443,未知
68442,未知
68434,未知
68429,未知
68426,未知
68422,未知
68415,未知
68403,未知
68394,未知
68392,未知
68391,未知
68387,未知
68385,未知
68375,未知
68368,未知
68360,未知
68350,未知
68347,未知
68345,未知
68344,未知
68333,未知
68331,未知
68319,未知
68317,未知
68313,未知
68309,未知
68307,未知
68299,未知
68295,未知
68287,未知
68281,未知
68275,未知
68274,未知
68272,未知
68256,未知
68234,未知
68218,未知
68206,未知
68203,未知
68199,未知
68189,未知
68187,未知
68185,未知
68173,未知
68172,未知
68156,未知
68145,未知
68143,未知
68140,未知
68133,未知
68132,未知
68125,未知
68120,未知
68118,未知
68116,未知
68109,未知
68106,未知
68104,未知
68092,未知
68091,未知
68090,未知
68087,未知
68085,未知
68080,未知
68070,未知
68066,未知
68059,未知
68058,未知
68051,未知
68045,未知
68039,未知
68029,未知
68022,未知
68020,未知
68009,未知
68004,未知
67992,未知
67990,未知
67974,未知
67971,未知
67954,未知
67953,未知
67951,未知
67938,未知
67935,未知
67925,未知
67916,未知
67911,未知
67908,未知
67895,未知
67893,未知
67884,未知
67875,未知
67870,未知
67857,未知
67852,未知
67839,未知
67838,未知
67837,未知
67830,未知
67824,未知
67818,未知
67806,未知
67796,未知
67795,未知
67794,未知
67773,未知
67771,未知
67770,未知
67769,未知
67768,未知
67767,未知
67766,未知
67750,未知
67748,未知
67737,未知
67736,未知
67722,未知
67718,未知
67713,未知
67711,未知
67710,未知
67700,未知
67699,未知
67690,未知
67685,未知
67684,未知
67682,未知
67676,未知
67666,未知
67665,未知
67662,未知
67660,未知
67653,未知
67646,未知
67643,未知
67637,未知
67636,未知
67633,未知
67628,未知
67626,未知
67625,未知
67624,未知
67623,未知
67621,未知
67618,未知
67595,未知
67594,未知
67589,未知
67587,未知
67586,未知
67584,未知
67574,未知
67573,未知
67569,未知
67568,未知
67567,未知
67563,未知
67555,未知
67554,未知
67546,未知
67543,未知
67539,未知
67537,未知
67535,未知
67528,未知
67525,未知
67524,未知
67522,未知
67521,未知
67520,未知
67510,未知
67506,未知
67502,未知
67501,未知
67495,未知
67488,未知
67487,未知
67477,未知
67467,未知
67461,未知
67458,未知
67457,未知
67446,未知
67445,未知
67444,未知
67423,未知
67421,未知
67418,未知
67410,未知
67406,未知
67399,未知
67391,未知
67390,未知
67389,未知
67386,未知
67383,未知
67380,未知
67372,未知
67368,未知
67365,未知
67364,未知
67362,未知
67359,未知
67346,未知
67340,未知
67336,未知
67333,未知
67305,未知
67295,未知
67293,未知
67291,未知
67287,未知
67286,未知
67284,未知
67283,未知
67274,未知
67259,未知
67257,未知
67255,未知
67250,未知
67243,未知
67241,未知
67238,未知
67221,未知
67219,未知
67210,未知
67209,未知
65857,未知
65722,未知
65653,未知
65650,未知
65645,未知
65642,未知
65641,未知
65640,未知
65587,未知
65582,未知
65580,未知
65578,未知
65576,未知
65569,未知
65568,未知
65567,未知
65544,未知
65540,未知
65530,未知
65519,未知
65518,未知
65515,未知
65510,未知
65507,未知
65503,未知
65499,未知
65493,未知
65490,未知
65486,未知
65480,未知
65477,未知
65476,未知
65474,未知
65466,未知
65456,未知
65451,未知
65449,未知
65448,未知
65433,未知
65420,未知
65418,未知
65417,未知
65416,未知
65297,未知
65292,未知
65289,未知
65287,未知
65285,未知
65283,未知
65272,未知
65254,未知
65250,未知
65247,未知
65243,未知
65221,未知
65204,未知
65198,未知
65193,未知
65191,未知
65190,未知
65186,未知
65185,未知
65181,未知
65173,未知
65171,未知
65167,未知
65151,未知
65141,未知
65136,未知
65135,未知
65128,未知
65124,未知
65106,未知
65096,未知
65094,未知
65084,未知
65078,未知
65075,未知
65072,未知
65068,未知
65066,未知
65063,未知
65058,未知
65056,未知
65043,未知
65041,未知
65040,未知
65032,未知
65029,未知
65027,未知
65019,未知
65017,未知
65015,未知
65009,未知
65003,未知
64697,未知
64684,未知
64681,未知
64675,未知
64674,未知
64672,未知
64633,未知
64632,未知
64627,未知
64626,未知
64620,未知
64616,未知
64614,未知
64612,未知
64603,未知
64601,未知
64594,未知
64588,未知
64581,未知
64578,未知
64574,未知
64573,未知
64568,未知
64563,未知
64561,未知
64559,未知
64550,未知
64540,未知
64535,未知
64533,未知
64528,未知
64513,未知
64512,未知
64509,未知
64508,未知
64491,未知
64490,未知
64486,未知
64483,未知
64480,未知
64476,未知
64475,未知
64471,未知
64463,未知
64462,未知
64460,未知
64450,未知
64449,未知
64446,未知
64437,未知
64431,未知
64429,未知
64417,未知
64413,未知
64411,未知
64371,未知
64353,未知
64344,未知
64343,未知
62942,未知
62941,未知
62934,未知
62927,未知
62916,未知
62908,未知
62873,未知
62856,未知
62845,未知
62766,未知
62756,未知
62752,未知
62750,未知
62747,未知
62746,未知
62731,未知
62725,未知
62721,未知
62717,未知
62702,未知
62692,未知
62687,未知
62677,未知
62667,未知
62666,未知
62663,未知
62660,未知
62659,未知
62650,未知
62644,未知
62643,未知
62641,未知
62634,未知
62631,未知
62627,未知
62618,未知
62616,未知
62611,未知
62605,未知
62597,未知
62596,未知
62590,未知
62568,未知
62567,未知
62548,未知
62539,未知
62521,未知
62362,未知
62341,未知
62337,未知
62332,未知
62331,未知
62327,未知
62310,未知
62304,未知
62300,未知
62294,未知
62285,未知
62270,未知
62258,未知
62257,未知
62253,未知
62249,未知
62246,未知
62233,未知
62220,未知
62219,未知
62217,未知
62211,未知
62210,未知
62198,未知
62196,未知
62188,未知
62181,未知
62180,未知
62174,未知
62170,未知
62169,未知
62162,未知
62142,未知
62106,未知
62104,未知
62098,未知
62093,未知
62091,未知
62073,未知
62071,未知
62068,未知
62067,未知
62066,未知
62062,未知
62061,未知
62050,未知
62046,未知
62044,未知
62038,未知
62037,未知
62031,未知
62021,未知
62008,未知
62001,未知
61998,未知
61993,未知
61985,未知
61983,未知
61981,未知
61980,未知
61977,未知
61920,未知
61910,未知
61906,未知
61901,未知
61895,未知
61894,未知
61891,未知
61887,未知
61883,未知
61873,未知
61871,未知
61865,未知
61852,未知
61832,未知
61829,未知
61828,未知
61825,未知
61824,未知
61821,未知
61814,未知
61811,未知
61808,未知
61792,未知
61785,未知
61781,未知
61780,未知
61775,未知
61772,未知
61762,未知
61735,未知
61732,未知
61731,未知
61728,未知
61726,未知
61725,未知
61721,未知
61717,未知
61711,未知
61709,未知
61700,未知
61699,未知
61693,未知
61692,未知
61688,未知
61674,未知
61672,未知
61661,未知
61652,未知
61651,未知
61650,未知
61642,未知
61641,未知
61637,未知
61636,未知
61631,未知
61626,未知
61625,未知
61620,未知
61613,未知
61604,未知
61506,未知
61504,未知
61472,未知
61451,未知
61272,未知
61136,未知
61108,未知
61099,未知
61091,未知
61053,未知
61052,未知
61013,未知
60801,未知
60788,未知
60785,未知
60758,未知
60606,未知
60599,未知
60598,未知
60586,未知
60582,未知
60580,未知
60558,未知
60542,未知
60531,未知
60526,未知
60525,未知
60494,未知
60488,未知
60482,未知
60474,未知
60451,未知
60446,未知
60433,未知
60423,未知
60415,未知
60407,未知
60405,未知
60395,未知
60381,未知
60376,未知
60375,未知
60373,未知
60369,未知
60367,未知
60366,未知
60365,未知
60356,未知
60354,未知
60353,未知
60329,未知
60328,未知
60322,未知
60320,未知
60314,未知
60304,未知
60301,未知
60295,未知
60293,未知
60290,未知
59960,未知
59959,未知
59953,未知
59933,未知
59932,未知
59930,未知
59917,未知
59905,未知
59896,未知
59893,未知
59892,未知
59883,未知
59877,未知
59875,未知
59873,未知
59863,未知
59862,未知
59861,未知
59860,未知
59857,未知
59852,未知
59846,未知
59833,未知
59829,未知
59824,未知
59822,未知
59817,未知
59810,未知
59808,未知
59803,未知
59802,未知
59790,未知
59789,未知
59783,未知
59779,未知
59772,未知
59766,未知
59722,未知
59636,未知
59632,未知
59630,未知
59614,未知
59607,未知
59602,未知
59601,未知
59595,未知
59588,未知
59583,未知
59581,未知
59579,未知
59576,未知
59575,未知
59569,未知
59567,未知
59563,未知
59562,未知
59561,未知
59557,未知
59556,未知
59555,未知
59552,未知
59542,未知
59540,未知
59539,未知
59530,未知
59528,未知
59522,未知
59517,未知
59515,未知
59514,未知
59508,未知
59496,未知
59491,未知
59485,未知
59481,未知
59480,未知
59473,未知
59469,未知
59456,未知
59453,未知
59450,未知
59447,未知
59443,未知
59426,未知
59421,未知
59416,未知
59412,未知
59408,未知
59405,未知
59393,未知
59390,未知
59388,未知
59385,未知
59384,未知
59383,未知
59371,未知
59360,未知
59351,未知
59344,未知
59339,未知
59330,未知
59324,未知
59322,未知
59309,未知
59119,未知
59105,未知
59092,未知
59088,未知
59082,未知
59080,未知
58896,未知
58890,未知
58874,未知
58866,未知
58860,未知
58412,未知
58406,未知
58405,未知
58399,未知
58384,未知
58383,未知
58346,未知
58323,未知
58321,未知
58307,未知
58287,未知
58280,未知
58279,未知
58278,未知
58275,未知
58274,未知
58269,未知
58265,未知
58152,未知
58150,未知
58143,未知
58135,未知
58122,未知
58120,未知
58118,未知
58115,未知
58107,未知
58103,未知
58098,未知
58096,未知
58095,未知
58094,未知
58085,未知
58080,未知
58071,未知
58058,未知
58057,未知
58046,未知
58045,未知
57988,未知
57960,未知
57947,未知
57946,未知
57933,未知
57920,未知
57917,未知
57896,未知
57894,未知
57873,未知
57869,未知
57862,未知
57853,未知
57839,未知
57837,未知
57835,未知
57833,未知
57832,未知
57829,未知
57826,未知
57825,未知
57819,未知
57804,未知
57803,未知
57798,未知
57780,未知
57775,未知
57752,未知
57751,未知
57725,未知
57717,未知
57695,未知
57683,未知
57678,未知
57674,未知
57670,未知
57660,未知
57658,未知
57656,未知
57655,未知
57643,未知
57642,未知
57632,未知
57624,未知
57613,未知
57610,未知
57609,未知
57607,未知
57603,未知
57584,未知
57573,未知
57555,未知
57528,未知
57520,未知
57517,未知
57511,未知
57509,未知
57508,未知
57496,未知
57473,未知
57471,未知
57385,未知
57383,未知
57374,未知
57371,未知
57369,未知
57367,未知
57348,未知
57346,未知
57344,未知
57343,未知
57341,未知
57339,未知
57233,未知
57232,未知
57211,未知
57165,未知
57130,未知
57122,未知
57118,未知
57117,未知
57108,未知
57080,未知
57039,未知
57035,未知
57021,未知
57020,未知
57012,未知
57010,未知
57007,未知
56998,未知
56991,未知
56980,未知
56973,未知
56966,未知
56964,未知
56954,未知
56949,未知
56946,未知
56944,未知
56939,未知
56933,未知
56926,未知
56923,未知
56911,未知
56899,未知
56898,未知
56894,未知
56892,未知
56891,未知
56889,未知
56887,未知
56884,未知
56875,未知
56874,未知
56872,未知
56867,未知
56865,未知
56862,未知
56844,未知
56841,未知
56839,未知
56837,未知
56834,未知
56826,未知
56822,未知
56819,未知
56815,未知
56802,未知
56800,未知
56793,未知
56789,未知
56788,未知
56787,未知
56779,未知
56778,未知
56777,未知
56774,未知
56763,未知
56755,未知
56754,未知
56753,未知
56751,未知
56744,未知
56741,未知
56734,未知
56733,未知
56729,未知
56728,未知
56721,未知
56718,未知
56714,未知
56710,未知
56706,未知
56695,未知
56694,未知
56684,未知
56683,未知
56675,未知
56665,未知
56656,未知
56653,未知
56647,未知
56633,未知
56630,未知
56626,未知
56622,未知
56609,未知
56607,未知
56606,未知
56605,未知
56604,未知
56601,未知
