object_id,aligned_material
"1948,0716.30",
As.3593,
"As,SLMisc.594",
OA+.6644,
"2019,4106.1",
"As,SLMisc.552.b",
"2001,0618.1",
"1909,0611.1",
"1907,1105.2",
OA+.152,
"1938,0524.6",
MAS.1073,
OA+.151,
"2014,4004.11",
"2014,4004.12",
"2005,0414.1",
"2014,4004.10",
"2014,4004.9",
"2015,4055.1",
"2014,4034.8",
"2015,4094.1",
"2009,4182.4",
"2015,4094.2",
"1993,0813,0.1",
"1991,0219,0.11.1-3",
"1986,0319,0.44",
"As1906,1226.29",
"1979,1012.4",
"1979,1012.1",
"1979,1012.39",
"1979,1012.28",
"1979,1012.5",
"1979,1012.9",
"1979,1012.23",
"1979,1012.7",
"1979,1012.14",
"1979,1012.27",
"1959,0216.15",
As.7097,
OA+.3873,
"1979,1012.8",
OA+.3874,
As.7104,
OA+.3872,
OA+.3880,
As.7093,
OA+.3878,
"1979,1012.24",
"1979,1012.18",
"1979,1012.19",
"1979,1012.20",
"1959,0216.16",
"1979,1012.6",
"1979,1012.36",
"1979,1012.32",
"1979,1012.2",
"1950,0405.18",
"1979,1012.3",
"1979,1012.33",
"1979,1012.11",
"1979,1012.12",
"1979,1012.13",
"1979,1012.26",
"2018,6015.6",
"As1925,0615.1",
"1979,1012.10",
As.7098,
OA+.3875,
OA+.3881,
As.7094,
OA+.3879,
As.7095,
"1979,1012.21",
"1979,1012.15",
"1979,1012.34",
"1963,1014.6",
"1979,1012.22",
As.7099,
"1979,1012.16",
"1979,1012.35",
"1979,1012.29",
"1979,1012.17",
"1979,1012.30",
"1979,1012.43",
"1979,1012.37",
"1979,1012.31",
"1979,1012.25",
"1926,1204.24",
"1936,1007.2",
"1936,1007.5",
"1913,0721.7",
"1936,1007.3",
"1905,0518.75.a-b",
Franks.807,
"1962,1231,0.5.1-28",
"1869,0508,0.1",
"1948,0710,0.34.16",
"1934,0512,0.1.1-16",
"1986,0313,0.1.137",
"1986,0313,0.1.208",
5cc48dc5a511,
8831d3c5f3a9,
20858,
20886,
20866,
227129,
226957,
227529,
226910,
226110,
226109,
226111,
225895,
225876,
226553,
225893,
225904,
226669,
227531,
226696,
225896,
226384,
225867,
226061,
226064,
226063,
225881,
225892,
225495,
225769,
225658,
226382,
226383,
225656,
225877,
226551,
225861,
226575,
226920,
225894,
226695,
226206,
225768,
225929,
226487,
225513,
225429,
225000,
224943,
225738,
225139,
225001,
225296,
225515,
225427,
225518,
225759,
225294,
225758,
225910,
225767,
225761,
225760,
225764,
225762,
225765,
225763,
225766,
225497,
225860,
225292,
226701,
225287,
226599,
226511,
225871,
225425,
225728,
225521,
225537,
225514,
226907,
226912,
225650,
225013,
224999,
225773,
226922,
225771,
225887,
225039,
225038,
225071,
225049,
225046,
225053,
225048,
224941,
225488,
225646,
225050,
224897,
225770,
225434,
225041,
225030,
225032,
225519,
225878,
225035,
225967,
225034,
225754,
225753,
225804,
226911,
226913,
226956,
226914,
224946,
225470,
227519,
225879,
224995,
225866,
225282,
224802,
224876,
224940,
224801,
225027,
224805,
224873,
224869,
225052,
224875,
225047,
224930,
224894,
224877,
225733,
225755,
224878,
225859,
224994,
225752,
225880,
224881,
224939,
226550,
226058,
226649,
226647,
226646,
226642,
226643,
226645,
226648,
226644,
226670,
226915,
226917,
226916,
225776,
224735,
224858,
217135,
224724,
225155,
224874,
224796,
224712,
224896,
224859,
224734,
224730,
224879,
224871,
224464,
224867,
224794,
224452,
225037,
225129,
225128,
225487,
225743,
226385,
226486,
225029,
224795,
224857,
226187,
226951,
226950,
224321,
224799,
224425,
224304,
224671,
224550,
224733,
224500,
224275,
224322,
224868,
224554,
226115,
226166,
226136,
226170,
226168,
226184,
226155,
226131,
226165,
226137,
226124,
226125,
226133,
226148,
226162,
226157,
226120,
226177,
226176,
226146,
226145,
226156,
226173,
226172,
226163,
226135,
226179,
226144,
226149,
226116,
226113,
226129,
226139,
226153,
226171,
226119,
226167,
226161,
226147,
226183,
226121,
224767,
224725,
224728,
224327,
226151,
226182,
226140,
226117,
226141,
226152,
226132,
226186,
226114,
226169,
226118,
226123,
226185,
226160,
226181,
226142,
226122,
226158,
224552,
224453,
224719,
224299,
224612,
224289,
224670,
224738,
224872,
224713,
225036,
224276,
224323,
224263,
224732,
224311,
225741,
224553,
224267,
224061,
226056,
224167,
224165,
224160,
224164,
224166,
224442,
226788,
225154,
224454,
226949,
226918,
226919,
227515,
227534,
227535,
224273,
226697,
225885,
225884,
225868,
225886,
225883,
222655,
224435,
222612,
224433,
222683,
222658,
222585,
222627,
222592,
222619,
222635,
222638,
222552,
222593,
222653,
222609,
222574,
222606,
222563,
222576,
222587,
222604,
223226,
222557,
222634,
224669,
222578,
222559,
222595,
222569,
222674,
222549,
222665,
222620,
222602,
222611,
222580,
222594,
222586,
222583,
222636,
222584,
222618,
222591,
222562,
222551,
222566,
222623,
222590,
222589,
222663,
222558,
222555,
222691,
222603,
222673,
222573,
222572,
222644,
222553,
222582,
222577,
222626,
222654,
222605,
222643,
222621,
225348,
222596,
222579,
222550,
222588,
222637,
222682,
222630,
222560,
222564,
224434,
223191,
222581,
222607,
222681,
222657,
224438,
222615,
222629,
222690,
222646,
222622,
225428,
225291,
225890,
222570,
223192,
222628,
224269,
224288,
224310,
226380,
224266,
224059,
224745,
225033,
226381,
225555,
224317,
226394,
224808,
227536,
227532,
227537,
227521,
219172,
224576,
225347,
218962,
221709,
224301,
224731,
224722,
222741,
220363,
224895,
220283,
220183,
219270,
225731,
224579,
224555,
225610,
224792,
225611,
224866,
220318,
218284,
218903,
226107,
220423,
227533,
225288,
219268,
224715,
225295,
216276,
224495,
218259,
218232,
218010,
220337,
216753,
215856,
218606,
224714,
224496,
217613,
218182,
220598,
220364,
224716,
224577,
220184,
224717,
224494,
220383,
225494,
220529,
219183,
219201,
224441,
224718,
219530,
217295,
224497,
224499,
224291,
220365,
217614,
216899,
220348,
226389,
218233,
216350,
215551,
226406,
225284,
216898,
225009,
218581,
217808,
216270,
219271,
214432,
217041,
215878,
224574,
217134,
214374,
214202,
224804,
219200,
211616,
216203,
218074,
218231,
224294,
215886,
215848,
215889,
223016,
215887,
224578,
218181,
214146,
211196,
224823,
225949,
225847,
225889,
225851,
225849,
225852,
225856,
225854,
225848,
225857,
225131,
225858,
225855,
225130,
225853,
214433,
214375,
220387,
219308,
224729,
212065,
210665,
214203,
210268,
210224,
210278,
208840,
210194,
224063,
209946,
209948,
211194,
225138,
210422,
224446,
209326,
210199,
212070,
210207,
224261,
210269,
210177,
209947,
224309,
222904,
218241,
209424,
218240,
210025,
224298,
218239,
218158,
210945,
210173,
210137,
220362,
214201,
212058,
210174,
218009,
212059,
213879,
214447,
219272,
226393,
208971,
225805,
226104,
215069,
225609,
210175,
225869,
226390,
224833,
219309,
218230,
219199,
225735,
225736,
227099,
210628,
225732,
225283,
210944,
225624,
210182,
226392,
218242,
210172,
197576,
210798,
218605,
210219,
213589,
198904,
210216,
212821,
212823,
213181,
212824,
210217,
210545,
197577,
207864,
210212,
224285,
210427,
210193,
210218,
217071,
218229,
210267,
210215,
220467,
224255,
210176,
198916,
208767,
210213,
198903,
210276,
212825,
217070,
220466,
225657,
25247,丝绸
4942,象牙
15010,瓷
7111,象牙
15014,瓷
143675,油
15012,瓷
220492,象牙
139465,象牙
19935,墨水
73995,象牙
22746,银
20000,墨水
138054,瓷
227552,纸
198854,
60915,木头
189775,银
48,象牙
15033,瓷
14447,象牙
119371,纸
199136,银
32740,水彩
188274,墨水
147872,象牙
75330,木头
121044,银
65,纸
139460,象牙
139562,象牙
48846,水粉
266210,瓷
101573,银
109169,墨水
194369,银
194370,银
147873,象牙
101574,银
135,瓷
111962,墨水
184562,木头
15030,瓷
134,
19970,墨水
80494,油
38985,纸
139470,象牙
7934,瓷
191156,木头
29530,象牙
53832,木头
109200,墨水
139462,象牙
148877,棉花
18438,玻璃
101571,银
80112,墨水
86380,石灰岩
233330,纸
2583,瓷
137970,象牙
29408,象牙
132651,墨水
3446,象牙
43060,瓷
18467,瓷
137976,象牙
185963,青铜
2728,瓷
46808,丝绸
12270,瓷
12054,陶器
35376,陶器
32532,陶器
2511,瓷
4453,石灰岩
109184,墨水
50502,棉花
22042,木头
29149,石头
18568,瓷
21284,瓷
14460,
2344,瓷
190614,油
60912,木头
70115,翡翠
200412,纸
15906,丝绸
5006,瓷
15722,铜
182878,木头
14474,木头
8056,象牙
12552,瓷
8636,象牙
18522,瓷
233322,
233328,
12476,炻器
12086,青铜
27925,青铜
21653,炻器
23497,青铜
4450,石灰岩
70003,炻器
32631,青铜
12380,炻器
212904,水彩
21296,瓷
7931,瓷
48991,陶器
10522,青铜
12123,陶器
147008,陶器
35367,陶器
12229,陶器
12763,瓷
31955,青铜
22200,炻器
82071,象牙
12284,炻器
12198,陶器
150533,银
15742,铜
2532,铜
88724,
20392,炻器
15910,丝绸
147007,陶器
9734,瓷
233326,
199164,银
12491,瓷
73236,陶器
11098,象牙
26647,青铜
7967,瓷
108586,翡翠
9613,大理石
55906,青铜
12242,陶器
12474,瓷
36417,
64461,陶器
12485,瓷
7903,瓷
21517,炻器
12221,陶器
58159,青铜
10489,棉花
64435,青铜
280345,瓷
14644,瓷
32945,炻器
178888,棉花
7889,瓷
149681,丝绸
186784,木头
151925,银
22732,象牙
27741,纸
22574,瓷
12986,
21366,瓷
8050,象牙
15988,象牙
12247,陶器
12483,炻器
181704,棉花
15586,瓷
105944,炻器
21280,瓷
21644,炻器
12945,
63513,纸
21289,瓷
12183,炻器
90303,瓷
65914,木头
21375,瓷
21363,瓷
11140,象牙
21531,炻器
12099,陶器
21238,瓷
12634,青铜
21721,炻器
41910,瓷
21187,瓷
21313,瓷
18014,玉
18582,瓷
47168,象牙
7925,瓷
33997,石灰岩
79895,象牙
3330,青铜
36418,
142531,石灰岩
12119,陶器
21241,瓷
53517,炻器
22708,象牙
73254,炻器
111365,纸
42879,瓷
21282,瓷
12059,青铜
2517,瓷
35381,陶器
83812,象牙
60877,银
18473,瓷
49603,陶器
8093,象牙
7521,青铜
26882,翡翠
22725,象牙
74965,象牙
59461,陶器
23502,青铜
73201,青铜
99658,铜
22210,陶器
109689,象牙
5918,青铜
28487,铜
14811,青铜
183894,青铜
22744,象牙
12981,木头
70117,翡翠
32492,木头
42271,陶器
12636,青铜
89452,青铜
12622,瓷
42786,瓷
53544,银
108598,象牙
12688,纸
59464,炻器
23651,纸
192727,骨头
65902,木头
69711,翡翠
156446,纸
12013,陶器
28106,铜
59448,炻器
11497,象牙
79318,瓷
21208,瓷
263123,纸
28158,青铜
12028,陶器
28109,铜
28125,青铜
12640,青铜
24960,木头
80882,瓷
2528,瓷
235667,瓷
86391,青铜
10393,瓷
14803,陶器
21212,瓷
21408,瓷
22711,象牙
21511,炻器
12214,陶器
180744,陶器
152849,铁
21418,瓷
21483,瓷
3333,青铜
45464,炻器
11690,石灰岩
30214,陶器
15732,黄铜
12407,瓷
183277,墨水
142528,石灰岩
27507,青铜
12561,瓷
199163,银
260343,瓷
270889,
270890,
79315,象牙
21702,陶器
12616,瓷
14319,象牙
42541,瓷
12145,陶器
79309,象牙
9611,青铜
2508,瓷
75905,瓷
11125,象牙
34078,青铜
12786,陶器
12741,瓷
8099,瓷
20561,纸
35384,陶器
7544,青铜
21745,炻器
76279,墨水
68830,丝绸
21292,瓷
68715,翡翠
79322,象牙
21481,炻器
105595,陶器
111862,象牙
192877,象牙
8076,瓷
109230,青铜
12497,瓷
198345,青铜
37729,陶器
133834,油
48321,纸
16811,银
70169,翡翠
21341,炻器
12731,瓷
12735,炻器
70207,
14329,象牙
8037,金
21423,炻器
7514,青铜
73796,象牙
12359,瓷
111366,纸
233329,
70093,翡翠
22729,象牙
70129,翡翠
129758,陶器
39534,象牙
73220,青铜
9059,油
34075,青铜
21514,炻器
15563,亚麻
107043,
22718,象牙
75521,金
8087,象牙
18019,瓷
12132,陶器
21220,瓷
47953,陶器
69180,翡翠
89655,翡翠
23144,青铜
69810,翡翠
12409,瓷
51834,陶器
91085,陶器
22722,象牙
7896,瓷
28112,铜
21555,炻器
69688,翡翠
70167,翡翠
79313,象牙
5410,青铜
12065,陶器
51432,炻器
69801,翡翠
21266,瓷
58282,
86423,青铜
18013,青铜
37423,青铜
15726,铜
23667,纸
79311,象牙
92910,青铜
93923,水墨
47961,
42566,瓷
259167,骨头
22771,象牙
45939,象牙
8073,瓷
8081,象牙
104483,炻器
84711,瓷
40922,象牙
45806,象牙
79505,水墨
70256,象牙
80916,陶器
21325,瓷
75916,瓷
25226,陶器
32538,青铜
144967,青铜
21307,瓷
21310,瓷
86420,青铜
109236,象牙
42185,炻器
86757,青铜
37725,陶器
21467,炻器
22740,象牙
183455,丝绸
51825,陶器
18454,瓷
21496,炻器
68041,水墨
117330,陶器
15748,黄铜
21701,炻器
195396,炻器
28163,陶器
22113,
51423,炻器
55836,青铜
2716,瓷
21712,陶器
70763,翡翠
68711,亚麻
12529,炻器
69172,翡翠
5003,瓷
22737,象牙
9624,象牙
12794,陶器
18007,翡翠
34873,青铜
18235,玻璃
71199,翡翠
109185,墨水
139488,象牙
139593,象牙
137971,象牙
259168,骨头
259170,骨头
132148,陶器
70392,翡翠
142529,石灰岩
2525,瓷
21295,瓷
21772,炻器
28444,青铜
12602,瓷
14335,象牙
26091,铜
86744,青铜
53282,银
58180,瓷
83154,炻器
133709,陶器
21658,炻器
22068,
14276,丝绸
16397,青铜
79470,象牙
263669,油
263943,银
69827,翡翠
6580,象牙
14326,象牙
33964,铜
25230,瓷
21698,瓷
89468,银
82294,翡翠
14331,象牙
12352,瓷
80912,瓷
70091,翡翠
46261,陶器
69959,翡翠
80721,象牙
12588,瓷
14314,象牙
21508,炻器
80777,陶器
80879,象牙
21319,瓷
12344,瓷
84370,纸
52949,青铜
21286,瓷
92911,青铜
142530,石灰岩
14323,象牙
12514,炻器
75361,丝绸
199165,银
79336,象牙
39774,金
69770,翡翠
42390,瓷
12470,炻器
86747,青铜
86599,青铜
259158,骨头
259169,骨头
259178,骨头
6775,棉花
14809,金
105530,陶器
21251,瓷
109223,青铜
22715,象牙
70095,翡翠
110866,陶器
12721,瓷
12346,棉花
80904,瓷
37716,陶器
63392,纸
21594,炻器
193827,石头
13033,纸
14852,青铜
105494,纸
55821,青铜
180536,陶器
53532,炻器
21203,瓷
12537,炻器
21678,瓷
21734,炻器
33933,瓷
2606,瓷
70088,翡翠
12241,油
87714,炻器
200630,象牙
17996,翡翠
147031,瓷
21346,瓷
28128,铜
221163,瓷
11435,金
11091,石灰岩
22735,象牙
35364,陶器
21413,瓷
80898,炻器
79332,象牙
79459,象牙
111081,象牙
21499,炻器
86415,青铜
117775,瓷
8209,水墨
7788,瓷
42187,炻器
33098,翡翠
12679,瓷
21254,瓷
70757,翡翠
42215,炻器
21312,瓷
36419,
58053,瓷
69683,翡翠
69700,翡翠
68980,翡翠
86754,青铜
72589,瓷
21558,炻器
260222,骨头
260223,骨头
259162,骨头
259174,骨头
55926,
42806,瓷
33942,青铜
15737,黄铜
12663,瓷
56142,陶器
138456,瓷
12069,陶器
60878,瓷
79347,纸
81842,丝绸
12236,陶器
68978,翡翠
79249,瓷
12305,瓷
11151,铜
45804,瓷
11999,纸
41426,墨水
79317,象牙
21681,瓷
73256,炻器
80887,瓷
69937,翡翠
81954,铜
33936,青铜
27669,象牙
182864,木头
2481,瓷
65922,炻器
183893,青铜
21887,炻器
22212,陶器
182783,木头
14280,丝绸
82164,象牙
186745,象牙
54714,纸
3585,瓷
12696,炻器
103303,
150152,棉花
7832,瓷
89836,瓷
105591,炻器
79223,瓷
187047,水墨
69605,翡翠
69708,石头
79453,象牙
79362,象牙
70164,翡翠
68989,翡翠
65889,瓷
13836,炻器
59752,石头
21180,瓷
151599,银
69019,翡翠
70059,翡翠
276595,银
47283,金
277820,瓷
259161,骨头
259163,骨头
259164,骨头
259165,骨头
259166,骨头
259172,骨头
259175,骨头
259176,骨头
259177,骨头
259173,骨头
75310,陶器
105937,陶器
21521,瓷
37722,陶器
21549,炻器
70045,翡翠
70330,翡翠
22671,象牙
21585,炻器
21591,炻器
8064,瓷
69638,翡翠
69744,翡翠
117554,油
17305,瓷
20435,象牙
73230,炻器
75903,炻器
186741,象牙
233321,木头
36691,木头
111140,陶器
21274,瓷
21397,陶器
76243,瓷
32539,青铜
21252,象牙
21692,瓷
70205,翡翠
68697,翡翠
5833,金
75946,炻器
152839,瓷
182989,木头
186728,象牙
78836,纸
139230,象牙
58156,青铜
8084,象牙
106598,象牙
12748,瓷
25999,瓷
182862,木头
48982,陶器
31935,银
71015,翡翠
76275,墨水
73239,炻器
68731,翡翠
236098,瓷
58340,墨水
86750,青铜
70191,翡翠
158104,炻器
186735,象牙
49817,象牙
42386,瓷
69572,翡翠
180532,陶器
10495,棉花
111367,纸
42112,瓷
259159,骨头
259160,骨头
279375,陶器
21629,瓷
9819,瓷
12077,青铜
79492,油
21518,炻器
33945,陶器
86418,青铜
68868,翡翠
120578,青铜
72791,丝绸
36825,象牙
21632,炻器
11094,石灰岩
69506,翡翠
86491,青铜
22490,青铜
7791,瓷
12248,纸
8986,瓷
129408,瓷
16393,青铜
56801,瓷
58900,炻器
159683,瓷
7419,象牙
83673,纸
3588,瓷
42213,炻器
21604,炻器
69812,翡翠
13455,水墨
86661,青铜
62536,金
45668,纸
20434,象牙
21430,陶器
23500,骨头
43097,青铜
69931,翡翠
180135,青铜
182865,木头
40558,墨水
65904,木头
153627,丝绸
79326,象牙
117596,象牙
79507,水墨
75317,水墨
84123,水墨
150406,丝绸
42195,炻器
53535,炻器
69752,翡翠
21683,瓷
21125,玉
20635,青铜
193002,瓷
7782,瓷
12509,瓷
28161,青铜
12896,油
12672,瓷
70006,炻器
69008,翡翠
80239,象牙
61041,木头
42440,瓷
17459,瓷
64836,瓷
147469,丝绸
2514,瓷
68754,翡翠
70680,翡翠
25640,瓷
12317,墨水
11703,铜
22899,油
22865,瓷
80914,瓷
83677,纸
49798,象牙
31202,瓷
26953,瓷
55213,青铜
53194,银
22075,
131979,象牙
186751,象牙
80377,石灰岩
35957,金
109503,纸
57654,陶器
62583,玻璃
36798,纸
17244,象牙
28350,瓷
180725,木头
83022,象牙
230189,丝绸
53276,青铜
69558,翡翠
72380,丝绸
15579,陶器
7843,瓷
65892,瓷
68898,翡翠
193050,陶器
160040,纸
58904,瓷
21731,炻器
58116,瓷
9579,象牙
12165,陶器
68840,翡翠
111364,纸
45433,象牙
21457,瓷
42836,瓷
69719,翡翠
68941,翡翠
69324,翡翠
105549,青铜
193334,水墨
13451,水墨
186779,象牙
147883,瓷
193025,炻器
55833,青铜
10244,瓷
43942,纸
21806,炻器
24113,银
60348,青铜
104305,象牙
79585,象牙
147623,象牙
21648,炻器
27659,瓷
69574,翡翠
7649,瓷
49406,纸
12543,炻器
180200,瓷
148422,棉花
3316,青铜
189161,水墨
49843,象牙
21662,炻器
53279,青铜
60339,青铜
55848,金
20349,纸
79219,瓷
69961,翡翠
73244,炻器
105529,炻器
159686,炻器
51502,象牙
21323,瓷
21524,瓷
69798,翡翠
69343,翡翠
70693,翡翠
7951,象牙
79435,纸
80720,丝绸
35955,象牙
27580,瓷
69639,翡翠
70229,翡翠
69576,翡翠
106589,象牙
109039,象牙
12608,瓷
89465,青铜
28203,瓷
69355,翡翠
44101,象牙
42262,炻器
86387,青铜
186765,象牙
21205,瓷
75920,炻器
80215,水墨
22905,象牙
70018,翡翠
68837,金
39385,纸
42411,炻器
69980,翡翠
88202,炻器
45424,瓷
70238,翡翠
195395,瓷
17769,油
49616,纸
79310,水墨
45912,象牙
149892,木头
14441,纸
135794,木头
69152,翡翠
82306,油
42460,瓷
21616,炻器
68700,翡翠
69625,翡翠
202971,青铜
11032,象牙
7816,瓷
42417,瓷
41882,瓷
69312,翡翠
70606,翡翠
73224,青铜
195401,炻器
121835,瓷
53523,炻器
68944,翡翠
84100,水墨
79494,纸
58048,棉花
22195,炻器
68820,翡翠
41865,青铜
21024,青铜
58283,炻器
68831,翡翠
182994,木头
21562,炻器
68986,翡翠
180724,木头
89509,油
42096,瓷
68675,翡翠
70663,翡翠
117730,纸
69285,翡翠
158222,象牙
193326,水墨
42242,炻器
21754,瓷
7811,瓷
75930,陶器
69853,翡翠
68677,翡翠
69565,翡翠
87653,金
7805,瓷
193018,炻器
79513,象牙
186739,象牙
86658,青铜
21650,炻器
65909,木头
65911,木头
69331,翡翠
276594,银
241446,银
27466,油
96627,丝绸
68695,翡翠
193049,炻器
126179,象牙
28594,油
46423,墨水
107912,翡翠
130660,陶器
49919,象牙
106616,象牙
39380,油
69970,翡翠
24098,青铜
44196,纸
21431,陶器
8402,黄铜
79406,象牙
42555,瓷
183393,棉花
202975,青铜
60945,金
49153,象牙
,
911874,水墨
61658,木头
448663,石头
764091,金
551786,墨水
729644,金
472562,银
900001,玻璃
503651,象牙
42188,玉
207247,瓷
78191,黄铜
329077,铜
42733,青铜
53660,水墨
310453,铜
437422,油
764095,金
206965,青铜
317877,黄铜
459027,木头
459028,木头
544320,石灰岩
53162,木头
200668,大理石
544740,石灰岩
39901,水墨
53176,金
435848,木头
42515,瓷
205883,炻器
816189,水墨
776714,水墨
824771,
436102,木头
707476,瓷
53190,金
192770,大理石
53222,水墨
438821,油
203842,
437261,木头
460281,银
194191,铜
38006,金
452102,陶瓷
49068,丝绸
207157,瓷
237451,瓷
137808,木头
136877,陶瓷
135914,
135810,陶瓷
135666,棉花
135622,银
135613,银
135354,瓷
135206,棉花
134589,
134458,丙烯
134443,油
134229,陶瓷
60812,纸
57306,青铜
56238,油
55803,
52959,青铜
51102,银
40352,金
38924,银
37489,银
37279,石灰岩
33643,玉
33564,油
33539,青铜
32473,
32221,陶瓷
29551,石头
23744,石头
22247,油
14878,
14756,纸
10056,
8898,
137492,水粉
137483,水粉
137477,水粉
137427,
137169,黄铜
137157,
137156,银
137152,银
136896,棉花
135904,金
135887,油
135811,陶瓷
135798,陶瓷
135691,陶瓷
135671,
135610,银
135609,银
135550,水彩
135379,墨水
135367,水彩
134595,金
134170,墨水
133910,陶瓷
102729,棉花
73907,棉花
60769,亚麻
58857,
57758,
57716,
55813,丙烯
54926,陶瓷
54821,银
47645,
47566,陶瓷
46033,陶瓷
45401,油
45237,油
40020,
37441,陶瓷
33230,陶瓷
32983,油
32872,木头
32381,油
32255,水墨
31852,油
31464,青铜
29713,青铜
23888,
15336,木头
8161,墨水
137698,
137260,丝绸
137162,银
137149,木头
136885,银
136880,花岗岩
135975,陶瓷
135872,玻璃
135796,陶瓷
135759,水彩
135674,银
135664,丙烯
135660,银
135632,银
135201,银
134740,
134439,木头
58878,亚麻
58869,银
58068,
57720,木头
44648,油
42352,油
39108,墨水
32890,陶器
31803,青铜
31420,木头
29134,黄铜
22494,陶瓷
20821,木头
19912,油
17473,
13871,
9790,水彩
9449,
137406,木头
137291,
137264,铁
136912,
135921,水彩
135888,银
135683,铜
135589,
135554,
135549,纸
135185,
134737,石头
134554,
134191,
134165,油
134164,油
129689,银
61090,棉花
61041,丙烯
60584,
56302,
39164,陶瓷
35195,
33737,水墨
32861,水彩
32398,油
32269,石头
31482,
29435,金
21079,石灰岩
18597,银
18583,蛋彩
16210,水粉
12950,木头
9231,
8894,木头
137460,石头
137407,黄铜
137348,棉花
137249,水墨
136905,油
136900,亚麻
136891,炻器
136792,油
135889,银
135817,陶瓷
135814,陶瓷
135728,银
135696,陶瓷
135643,丙烯
135637,油
135624,
135618,银
135587,银
135521,纸
135244,银
134682,木头
134355,
133913,玻璃
60811,纸
58888,
58884,
58858,
57754,
55939,
55163,水彩
51098,木头
45518,油
42370,大理石
37626,油
36886,金
32898,油
32714,陶瓷
32245,油
31653,油
30620,油
28330,油
22540,陶瓷
16650,银
8146,青铜
6858,
137284,
52886,银
135715,水彩
137282,
135653,油
135640,
137297,
136920,木头
135642,
137290,
135639,
137410,墨水
137365,
137344,
135964,
135815,陶瓷
135561,陶瓷
135290,丙烯
45692,油
23368,陶瓷
137366,
135869,亚麻
135559,
135313,
135306,
135231,大理石
37985,木头
25246,纸
13563,纸
137677,
135308,
135289,
137428,水彩
137287,
135520,木头
135312,
135303,木头
134167,铜
24961,木头
135311,
137435,木头
137275,
137296,
145721,
145719,水彩
145718,
145716,
145714,
145710,水彩
145703,水彩
145675,油
145612,
145378,
145376,水彩
145346,
145309,
145273,水彩
145270,水彩
145269,水彩
145266,水彩
145221,
145220,金
145215,
145214,
145211,
145210,
145207,
145206,
145180,金
145178,墨水
145174,墨水
145169,瓷
145166,
145163,
145160,
145158,
145157,
145153,
145148,
145137,水彩
145136,水彩
145133,水彩
145070,
145052,
145032,
145030,
145020,银
145016,
144953,银
144944,
144937,
144931,
144927,
144926,
144918,
144891,油
144890,油
144885,油
144884,油
144882,油
144878,油
144874,油
144849,大理石
144818,
144811,银
144801,水彩
144797,水彩
144796,水彩
144794,水彩
144785,
144783,
144743,陶瓷
144736,水墨
144722,炻器
144721,炻器
144720,炻器
144718,陶器
144717,陶器
144714,陶器
144551,油
144371,水彩
144369,纸
144364,墨水
144362,墨水
144289,金
144288,银
144254,铜
144251,
144249,
144247,
144216,银
144215,银
144015,银
143999,银
143923,银
143921,银
143916,银
143911,银
143909,银
143904,银
143892,银
143816,银
143810,银
143709,银
143707,银
143696,银
143695,银
143686,银
143676,银
143672,银
143433,
143429,
143427,
143423,水粉
143422,油
142946,
142942,
142940,
142928,银
142926,银
142922,
142918,银
142914,银
142911,
142906,银
142905,银
142890,油
142843,纸
142835,蛋彩
142832,油
142805,陶瓷
142789,陶瓷
142772,亚麻
142765,丝绸
142759,丝绸
142755,丝绸
142754,丝绸
142751,丝绸
142677,棉花
142673,炻器
142568,油
142514,
142513,
142510,
142506,木头
142497,银
142492,银
142482,炻器
142481,
142477,
142436,玻璃
142421,水彩
142408,棉花
142269,水彩
142268,水彩
142265,水彩
142264,水墨
142234,
142150,炻器
142148,棉花
142144,棉花
142112,墨水
142110,墨水
142081,
142075,
142069,
142066,墨水
142051,银
142037,
142033,银
142032,银
142031,银
142005,陶瓷
142002,陶瓷
142001,陶瓷
142000,陶瓷
141989,陶瓷
141960,陶瓷
141956,油
141948,油
141933,油
141930,油
141929,油
141928,油
141922,油
141919,油
141918,油
141915,陶瓷
141913,
141912,银
141861,油
141857,
141855,
141854,
141853,
141850,
141843,银
141835,银
141833,银
141831,银
141821,银
141810,银
141809,银
141807,银
141806,银
141804,银
141803,银
141792,金
141785,银
141747,丝绸
141742,水彩
141741,墨水
141738,
141732,墨水
141729,墨水
141725,墨水
141716,墨水
141715,水墨
141713,墨水
141709,墨水
141688,水墨
141686,墨水
141684,墨水
141653,
141652,水彩
141594,
141586,青铜
141517,棉花
141514,翡翠
141512,陶瓷
141510,陶瓷
141189,黄铜
141165,象牙
141163,木头
141159,
141137,银
141136,银
141123,木头
141114,油
141108,银
141103,
141099,
141087,瓷
141075,
141072,
141061,油
141048,陶瓷
141042,银
141040,银
141033,银
141032,银
141030,银
141012,
141010,银
141007,银
141006,木头
140974,陶瓷
140964,羊毛
140959,羊毛
140943,玻璃
140942,玻璃
140941,青铜
140940,玻璃
140931,玻璃
140926,玻璃
140887,金
140867,水彩
140862,青铜
140849,
140841,
140835,
140818,
140817,
140815,
140814,
140807,
140804,
140803,
140795,
140789,
140788,
140784,
140781,
140770,
140765,
140763,
140749,
140748,
140745,
140731,木头
140727,木头
140723,木头
140714,
140711,
140709,水彩
140708,
140706,
140705,
140704,
140703,
140698,陶瓷
140695,陶瓷
140633,银
140623,
140621,
140620,
140619,
140571,银
140570,
140501,
140466,陶瓷
140452,陶瓷
140451,陶瓷
140440,陶瓷
140428,银
140427,金
140383,银
140380,
140314,水彩
140313,炻器
140307,木头
140296,
140278,石头
140263,墨水
140249,银
140219,银
140216,黄铜
140214,瓷
140209,陶瓷
140133,
140132,
140107,棉花
140077,油
138664,银
138646,
138645,
138613,银
138592,
138591,木头
138585,银
138582,银
138543,银
138542,银
138525,墨水
138493,亚麻
138429,
138420,木头
138414,陶瓷
138411,陶瓷
138407,陶瓷
138405,陶瓷
138403,陶瓷
138393,陶瓷
138389,陶瓷
138388,陶瓷
138383,陶瓷
138371,
138361,丙烯
138358,瓷
138351,
138315,银
138309,玻璃
138308,
138251,棉花
138247,铜
138235,
138214,
138208,棉花
138202,
138188,
138183,木头
138154,
138150,石头
138122,瓷
137873,
137868,银
137867,银
137862,
137851,蛋彩
137843,木头
137822,银
137820,
137812,银
137810,银
137803,墨水
137802,墨水
137801,墨水
137791,银
137778,银
137776,
137745,纸
137736,
137726,
137725,
137722,油
137710,水彩
137702,金
137700,银
137694,陶瓷
137691,
137687,石头
137673,水粉
137671,水粉
137659,水粉
137648,水粉
137645,水粉
137640,水粉
137639,水粉
137626,水粉
137624,水粉
137607,水粉
137605,水粉
137599,水粉
137595,水粉
137593,水粉
137592,水粉
137589,水粉
137587,水粉
137584,水粉
137581,水粉
137576,水粉
137575,水粉
137572,水粉
137571,水粉
137562,水粉
137561,水粉
137559,水粉
137551,水粉
137545,水粉
137543,水粉
137529,水粉
137524,水粉
137523,水粉
137515,水粉
137506,水粉
137491,水粉
137482,水粉
137480,水粉
137475,陶瓷
137474,陶瓷
137469,陶瓷
137462,陶瓷
137455,陶瓷
137351,丙烯
137349,棉花
137193,银
136907,石头
136904,水墨
136882,纸
135970,丝绸
135963,炻器
135917,银
135897,
135870,银
135838,油
135828,油
135812,陶瓷
135805,陶瓷
135803,陶瓷
135795,陶瓷
135784,陶器
135778,
135771,墨水
135765,墨水
135764,水彩
135758,水彩
135753,水彩
135752,水彩
135751,水彩
135745,玉
135727,银
135726,银
135709,陶瓷
135690,陶瓷
135677,银
135655,
135626,银
135625,银
135611,银
135591,木头
135585,丝绸
135567,银
135519,油
135517,
135515,
135512,
135508,
135503,
135499,
135497,
135496,
135492,
135484,
135482,
135477,
135476,
135471,
135469,
135468,
135466,
135465,
135464,
135463,
135459,
135458,
135455,
135447,
135444,
135439,
135437,
135426,
135422,棉花
135401,墨水
135395,墨水
135390,墨水
135388,墨水
135380,墨水
135378,墨水
135377,墨水
135362,墨水
135359,银
135336,
135280,水彩
135274,
135271,墨水
135265,油
135261,
135229,银
135225,银
135216,银
135211,纸
135210,
135208,
135197,蛋彩
135164,棉花
135118,银
135114,银
134926,
134922,
134742,陶瓷
134731,石头
134709,竹子
134702,陶瓷
134650,金
134641,金
134640,金
134639,金
134638,金
134614,金
134609,金
134591,
134588,羊毛
134570,
134569,
134568,
134564,
134561,
134551,
134538,
134537,金
134502,银
134501,银
134497,银
134495,银
134482,银
134481,银
134475,水彩
134473,
134468,纸
134467,金
134464,银
134444,水彩
134441,银
134435,银
134400,
134398,
134393,玻璃
134390,玻璃
134322,亚麻
134321,墨水
134187,油
134181,
134176,
134175,
134163,油
134148,水彩
134138,
134108,
134089,
134084,木头
134078,水墨
134071,水墨
134067,木头
134049,水墨
134048,木头
134043,水墨
134041,水墨
134040,水墨
134036,水墨
134034,水墨
134004,银
134000,银
133999,银
133997,
133986,
133969,墨水
133968,墨水
133967,水墨
133960,水墨
133947,油
133943,陶瓷
133937,陶瓷
133936,陶瓷
133930,金
133928,水墨
133919,水墨
133916,水彩
133911,陶瓷
133906,
133905,油
133904,油
133898,纸
133887,铁
133372,
133369,陶瓷
133365,水墨
133246,银
133230,丙烯
133226,
132803,银
132802,银
132800,银
132361,玻璃
131983,水彩
131980,银
131632,油
131438,木头
130334,
130324,银
130322,
130314,银
130312,银
130306,银
130278,银
130146,
129905,
129894,银
129893,银
129892,银
129891,银
129886,银
129881,银
129880,银
129875,银
129866,银
129854,银
129852,银
129816,
129808,
129802,
129801,
129742,
129739,
129728,
129699,银
129693,银
129679,银
129621,银
129618,银
129611,银
129608,银
129602,
129601,
129598,
129581,
129563,银
129558,木头
129555,丝绸
129549,丝绸
129533,水墨
129529,水墨
129522,水墨
129521,水墨
129509,银
129503,木头
129429,
129376,
129335,
129319,
129316,
129258,
128827,陶瓷
128825,陶瓷
128821,陶瓷
128806,
128802,纸
128798,纸
128789,
128788,
128735,
128733,
128728,
128723,
128720,
128703,银
128701,银
128698,银
128696,银
128695,银
128686,银
128671,银
128669,银
128666,银
128660,
128659,银
128658,银
128655,银
128654,银
128651,银
128647,银
128593,水墨
128588,青铜
128571,水墨
128567,银
128553,银
128543,银
128497,
128456,银
128414,
128407,银
128405,银
128403,
128396,
128394,
128393,木头
128364,
128358,
128339,木头
128338,墨水
128330,木头
128324,木头
128314,墨水
128303,大理石
128101,水墨
128096,水墨
128094,水墨
128092,木头
128085,木头
128083,木头
128082,墨水
128081,木头
128079,木头
128074,水墨
128046,木头
127843,水墨
127840,木头
127836,水墨
127834,木头
127832,木头
127830,水墨
127810,水墨
127575,水彩
127574,水彩
127571,
127022,
127018,
127009,
127006,
127005,
126999,
126986,
126788,
126787,水墨
126780,
126772,
126770,明胶
126684,木头
126681,木头
126676,木头
126670,木头
126622,油
126617,
126615,陶瓷
126613,油
126074,翡翠
126063,翡翠
126062,翡翠
126061,翡翠
126053,翡翠
126049,翡翠
126047,翡翠
126046,翡翠
126040,翡翠
126033,翡翠
126030,翡翠
126027,翡翠
126023,翡翠
126015,翡翠
126011,翡翠
126003,翡翠
125997,翡翠
125994,翡翠
125985,翡翠
125983,翡翠
125976,翡翠
125971,翡翠
125970,翡翠
125961,翡翠
125959,翡翠
125958,石头
125957,石头
125956,翡翠
125954,翡翠
125948,翡翠
125945,翡翠
125942,翡翠
125936,翡翠
125935,翡翠
125928,翡翠
125921,翡翠
125920,翡翠
125917,翡翠
125913,翡翠
125912,翡翠
125911,翡翠
125909,翡翠
125896,翡翠
125886,翡翠
125881,翡翠
125879,翡翠
125844,翡翠
125839,翡翠
125838,翡翠
125831,翡翠
125826,翡翠
125823,石头
125822,翡翠
125815,翡翠
125809,翡翠
125806,翡翠
125776,墨水
125773,
125772,
125639,
125632,
125628,
125624,
125621,
125614,
125610,
125608,
125607,
125606,
125605,
125604,
125536,墨水
125510,木头
125478,丙烯
125473,木头
125468,
125464,纸
125460,油
125445,金
125405,
125398,
125395,
125381,
125379,
125378,
125371,
125366,
125364,
125356,大理石
125354,水墨
125349,水墨
124604,木头
124592,木头
124585,水墨
124582,金
124088,
124086,
124085,
124080,
123910,墨水
123897,油
123895,银
123890,银
123889,银
123884,银
123743,
123735,水墨
123506,炻器
122917,陶瓷
122915,玻璃
122621,墨水
122368,金
122367,
121825,陶瓷
121521,银
121519,银
121497,银
121496,银
121456,银
120887,银
120852,
120851,
120849,
120847,
118649,银
118645,银
118620,银
118617,银
118589,银
118588,银
118587,银
118582,银
118578,银
118577,银
118534,银
118498,银
118494,银
118489,银
118488,银
118485,银
118484,银
118482,银
118477,银
118465,银
117611,
117610,
117607,
117554,
117545,
117343,银
117339,银
117336,银
117323,银
117322,银
117319,银
117318,银
117310,银
117309,银
117298,银
117293,银
117289,银
117282,银
117281,银
117264,银
117260,银
116776,
116462,水墨
116461,墨水
116362,
115984,丝绸
115918,
115907,
115721,
115717,
115714,
115642,棉花
115163,玻璃
115058,陶瓷
115053,玻璃
115050,
115039,
113495,银
113321,银
113319,银
113317,银
113316,银
113314,银
112660,银
112651,银
112646,银
112644,银
112639,银
112631,
112630,青铜
112617,
112596,
112593,
112568,
112563,
112560,
112558,
112553,
112552,
112545,
112543,
112540,
112539,
112448,银
112445,银
112443,银
112440,银
112438,银
111783,油
111118,丙烯
111099,银
110990,银
110989,银
110979,银
110970,银
110968,银
110966,银
110963,银
110962,银
110959,银
110958,银
110956,银
110951,银
110947,银
110943,银
110939,银
110938,银
110935,银
110927,银
110915,银
110911,银
110908,银
110903,银
110902,银
110893,银
110889,银
110888,银
110883,银
110876,银
110873,银
110872,银
110870,银
110865,油
110864,银
110863,银
110861,银
110857,银
110855,银
110854,银
110850,银
110841,银
110839,银
110838,银
110836,银
110834,银
110818,银
110816,银
110812,银
110798,银
110796,银
110795,银
110790,银
110762,银
110758,银
110756,银
110753,银
110749,银
110748,银
110745,银
110740,银
110730,银
110724,银
110720,银
110714,银
110712,银
110711,银
110706,银
110695,银
110693,银
110690,银
110689,银
110685,银
110684,银
110676,银
110675,银
110670,银
110658,银
110653,银
110650,银
110639,银
110616,银
110608,银
110607,银
110605,银
110598,银
110596,银
110592,银
110588,银
110586,银
110585,银
110583,银
110582,银
110581,银
110579,银
110578,银
110573,银
110569,银
110568,银
110566,银
110565,银
110563,银
110559,银
110548,银
110540,银
110538,银
110535,银
110534,银
110529,银
110526,银
110524,银
110522,银
110519,银
110514,银
110507,银
110504,银
110210,银
109051,棉花
109043,陶瓷
108818,大理石
108757,
108755,
108754,
108751,
108750,
108748,
108747,
108703,陶瓷
108699,
108698,
108695,
108685,
108674,
108662,
108659,
108657,
108655,
108652,
108649,
108645,
108641,
108640,
108634,
108626,
108625,
108623,
108615,
108205,银
107993,木头
107953,
107950,
107947,
107933,木头
107914,
107896,
107892,
107831,
107798,
107797,
107788,
107787,
107778,
107772,
107762,
107742,银
107740,银
107739,银
107736,银
107735,银
107734,银
107731,银
107686,墨水
107478,木头
107477,木头
107472,木头
107470,木头
107468,
107467,
107466,陶瓷
106338,油
106337,纸
103940,陶瓷
103937,陶瓷
103936,陶瓷
103899,纸
103886,象牙
103878,水墨
103520,
103515,
103513,
103512,
103451,
103118,陶瓷
103076,
103063,
103062,
103058,
103052,
103049,
103045,
102977,
102964,
102959,
102712,墨水
102684,
102681,
102671,
102665,
102661,
102657,
102656,
102611,银
102599,银
102598,银
102597,金
102594,银
102592,金
102589,金
102584,银
102583,金
102582,银
102432,
102418,
102416,
102415,
102411,
102407,
102405,
102375,
102374,
102371,
102368,
102367,
102360,
102358,
101337,丝绸
101130,水粉
101126,水彩
101113,木头
98865,
97031,木头
94926,
94060,水墨
94047,
94042,
94038,
94032,水墨
93985,
93898,银
93723,
93636,银
93634,银
93437,
93433,
93413,
93411,
93408,
93406,
93405,
93379,
93377,
93370,
93367,
93365,
93361,
93355,
93326,银
92465,银
92426,银
92419,银
92232,银
91951,银
91690,银
91689,银
91685,银
91682,银
91662,银
91655,银
91583,银
91562,银
91527,银
91279,银
90633,银
90620,银
90616,银
90482,银
90311,银
90305,银
90259,
90223,银
90126,银
90086,银
89720,银
89595,银
89562,银
89559,银
89540,银
89521,银
89520,银
89519,银
89517,银
89498,银
89486,银
89365,银
89364,银
89330,银
89167,银
89086,银
89071,银
88499,银
88351,象牙
88350,象牙
88349,象牙
88347,象牙
88345,象牙
88344,象牙
88336,象牙
88335,象牙
88322,象牙
88318,象牙
88315,象牙
88314,象牙
88312,象牙
88309,象牙
88308,象牙
88307,象牙
88304,象牙
88302,象牙
88299,象牙
88294,
88286,
88285,
88282,
88279,
88278,
88274,
88272,
88262,大理石
88116,
87645,水彩
87622,
87621,
87620,
87618,
87606,
87589,
87581,
87547,纸
87545,纸
87539,纸
87537,纸
87505,纸
87501,纸
87492,纸
87487,
87481,纸
87479,纸
87469,
87458,
87446,纸
87443,纸
87440,象牙
87431,丝绸
87430,丝绸
87424,丝绸
87410,丝绸
87398,丝绸
87394,丝绸
87382,丝绸
87380,丝绸
87374,丝绸
87370,丝绸
87368,丝绸
87366,
87351,纸
87345,
87343,
87314,
87312,
87311,
87309,
87297,
87293,墨水
87292,墨水
87291,墨水
87290,
87287,
87282,
87281,
87273,
87272,
87270,
87259,
87258,
87257,
87242,
87235,
87234,
87233,
87232,
87229,
87227,
87226,
87225,
87224,
87223,
87216,
87208,
87200,
87199,
87197,
87184,
87176,
87164,
87163,
87156,
87152,
87151,
87148,
87138,
87115,
87110,
87109,
87102,
87100,
87097,
87095,
87086,
87085,
87084,
87066,
87057,
87053,
87047,
87043,
87041,
87039,
87034,
87033,
87023,
87018,
87014,
86994,
86984,纸
86981,纸
86980,纸
86978,纸
86974,纸
86951,青铜
86841,
86832,
86816,
86814,
86807,
86787,
86779,
86773,
86762,
86753,
86742,
86737,
86735,
86734,
86733,
86729,
86728,
86726,
86716,
86714,
86710,
86709,
86702,
86701,
86695,
86694,
86693,
86682,
86679,
86677,
86674,
86671,
86662,
86659,
86656,
86652,
86651,
86647,
86644,
86642,
86607,铁
86567,木头
86566,木头
86565,木头
86562,木头
86559,木头
86558,木头
86459,木头
86458,木头
86457,木头
86456,木头
86454,木头
86446,
86442,
86428,水彩
86374,银
86369,银
86361,银
86356,银
86355,银
86352,银
86346,银
86342,银
86340,银
86334,银
86332,银
86321,银
86314,银
86311,银
86308,银
86305,银
86304,银
86302,银
86296,银
86294,银
86291,银
86288,银
86287,银
86268,银
86267,银
86266,银
86259,银
86256,银
86255,银
86242,银
86238,银
86232,银
86224,银
86216,银
86215,银
86202,银
86194,银
86186,银
86180,银
86165,银
86164,银
86152,银
86150,
86149,
86076,
86073,
86069,
86067,
86048,银
86004,
86000,
85998,木头
85939,
85896,
85870,
85620,银
85614,银
85602,木头
85598,
85591,
85583,
85577,
85551,
85546,
85543,
85538,
85537,
85530,
85523,
85519,
85508,
85481,银
85477,银
85467,银
85456,银
85452,银
85436,银
85433,金
85432,金
85430,金
85413,金
85394,
85393,
85392,
85389,
85387,
85386,
85385,
85383,
85373,
85367,
85363,
85349,
85347,
85128,
81859,银
81653,银
81518,银
81285,银
81245,
81238,银
81201,
81199,
81156,
81150,银
81143,银
81083,银
81060,油
81050,油
81036,银
81035,银
81009,银
81001,银
80981,银
80944,
80940,木头
80466,银
80008,银
80003,银
80001,银
79999,银
79922,银
79921,银
79903,银
79902,银
79901,银
79899,银
79898,银
79896,银
79894,银
79893,银
79890,银
79882,银
79879,银
79875,银
79872,银
79869,银
79864,银
79863,银
79859,银
79854,银
79848,银
79833,银
79832,银
79829,银
79826,银
79813,银
79811,银
79630,银
79629,银
79621,银
79618,银
79612,银
79611,银
77951,银
77950,银
77941,银
77940,银
77888,银
77887,银
77884,银
77880,银
77879,银
77876,银
74247,银
74213,银
74211,银
74194,银
74192,银
74190,银
74187,银
74186,银
74182,银
74177,银
74174,银
74173,银
74171,银
74169,银
74164,银
74163,银
74159,银
74157,银
74126,银
74122,银
74120,银
74118,银
74115,银
74086,银
74085,银
74080,银
74075,银
74073,银
74070,银
74051,银
74038,银
74036,银
74033,银
74032,银
74024,银
74022,银
73879,
73867,
73747,银
73742,银
73729,银
73727,银
73705,银
73702,银
73701,银
73688,
73678,
73675,
73674,
73661,银
73658,银
73657,银
73654,银
73634,银
73632,银
73626,银
73625,银
73624,银
73623,银
73621,银
73614,银
73613,银
73606,银
73596,银
73594,银
73590,银
73586,银
73583,银
73582,银
73580,银
73579,银
73573,银
73569,银
73565,银
73564,银
73553,银
73549,银
73548,银
73545,银
73543,银
73500,银
73494,银
73426,银
73423,银
73421,银
73418,银
73417,银
73416,银
73405,银
73404,银
73403,银
73389,银
73378,银
73374,银
73370,银
73368,银
73367,银
73363,银
73357,银
73355,银
73352,银
73344,银
73343,银
73338,银
73333,银
73325,银
73220,银
73219,银
73038,
72968,
72922,
72907,
72863,
72857,银
72852,银
72851,银
72845,银
72837,银
72836,银
72835,银
72833,银
72778,银
72773,银
72769,银
72764,银
72762,银
72751,银
72746,银
72732,银
72721,银
72716,银
72715,银
72705,银
72698,银
72693,银
72686,银
72682,银
72677,银
72659,银
72655,银
72652,银
72645,银
72644,银
72643,银
72636,银
72634,银
72633,银
72629,银
72620,银
72610,银
72605,银
72604,银
72602,银
72591,银
72590,银
72574,银
72570,银
72565,银
72564,银
72563,银
72561,银
72437,
72360,银
71763,银
71750,银
71743,银
71737,银
71733,银
71732,银
71726,银
71723,银
71722,银
71716,银
71714,银
71710,银
71704,银
71702,银
71701,银
71699,银
71697,银
71684,银
71676,银
71670,银
71666,银
71661,银
71658,银
71656,银
71653,银
71650,银
71648,银
71644,银
71642,银
71641,银
71615,银
71614,银
71613,银
71612,银
71607,银
71580,银
71579,银
71563,银
71550,银
71542,银
71534,银
71528,银
71525,银
71524,银
71440,
71434,
71433,
71432,金
71431,
71427,
71422,
71418,
71417,
71415,
71414,
71407,
71404,
71403,
71398,
71397,
71392,
71391,
71387,
71381,
71375,
71374,
71361,银
71358,银
71356,银
71354,银
71337,银
71332,银
71326,银
71324,银
71323,银
71317,银
71316,银
71312,银
71309,银
71308,银
71298,银
71292,银
71291,银
71287,银
71285,银
71279,银
71271,银
71262,银
71254,银
71252,银
71251,银
71246,银
71244,银
71235,银
71231,银
71230,银
71222,银
71221,银
71220,银
71213,银
71210,银
71207,银
71194,银
71179,银
71175,银
71174,银
71173,银
71172,银
71170,银
71161,银
71158,银
71155,银
71146,银
71134,银
71130,银
71126,银
71124,银
71120,银
71115,银
71113,银
71112,银
71106,银
71103,银
71091,银
71089,银
71085,银
71078,银
71074,银
71068,银
71066,银
71062,银
71053,银
71051,银
71048,银
71039,银
71036,银
71034,银
71030,银
71026,银
71025,银
71024,银
71023,银
71018,银
71010,银
71006,银
71002,银
70998,银
70992,银
70988,银
70979,银
70978,银
70972,银
70969,银
70960,银
70942,银
70939,银
70930,银
70916,银
70912,银
70909,银
70900,银
70896,银
70812,银
70805,银
70801,银
70797,银
70794,银
70790,银
70788,银
70783,银
70780,银
70779,银
70772,
70767,银
70762,银
70758,银
70757,银
70746,银
70745,银
70738,银
70732,银
70730,银
70726,银
70720,银
70708,银
70685,银
70682,银
70663,银
70646,银
70643,银
70636,银
70633,银
70632,银
70631,银
70629,银
70624,银
70623,银
70618,银
70615,银
70612,银
70576,银
70573,银
70567,银
70564,银
70562,银
70561,银
70556,银
70555,银
70554,银
70535,银
70533,银
70532,银
70531,银
70529,银
70527,银
70513,银
70512,银
70510,银
70505,银
70502,银
70497,银
70495,银
70478,银
70477,银
70469,银
70468,银
70453,银
70442,银
70430,银
70412,银
70409,银
70404,银
70401,银
70400,银
70390,银
70389,银
70383,银
70381,银
70373,银
70366,银
70346,银
70345,银
70344,银
70337,银
70335,银
70330,银
70326,银
70321,银
70320,银
70317,银
70307,银
70306,银
70300,银
70292,银
70289,银
70285,银
70284,银
70280,银
70278,银
70275,银
70273,银
70272,银
70269,银
70266,银
70262,银
70250,银
70247,银
70243,银
70236,银
70210,银
70208,银
70194,银
70186,银
70185,银
70172,银
70163,银
70161,银
70147,银
70145,银
70142,银
70137,银
70132,银
70129,银
70124,银
70122,银
70105,银
70096,银
70095,银
70069,银
70058,银
70056,银
70055,银
70054,银
70049,银
70046,银
70042,银
70039,银
70029,银
70025,银
70022,银
70017,银
70015,银
70014,银
70012,银
70011,银
70005,银
69997,银
69992,银
69986,银
69981,银
69979,银
69977,银
69967,银
69965,银
69961,银
69960,银
69957,银
69954,银
69953,银
69952,银
69951,银
69931,银
69921,银
69915,银
69910,银
69905,银
69901,银
69896,银
69895,银
69886,银
69883,银
69879,银
69871,银
69866,银
69863,银
69861,银
69849,银
69848,银
69835,银
69819,银
69814,银
69813,银
69807,银
69804,银
69800,银
69795,银
69768,银
69764,银
69757,
69754,
69752,
69751,
69741,银
69737,银
69729,银
69722,银
69720,银
69716,银
69707,银
69700,银
69687,银
69679,银
69674,银
69671,银
69670,银
69661,银
69660,银
69659,银
69650,银
69645,银
69640,银
69634,银
69633,银
69631,银
69624,银
69623,银
69622,银
69608,银
69604,银
69603,银
69596,银
69593,银
69588,银
69587,银
69584,银
69578,银
69569,银
69567,银
69565,银
69561,银
69555,银
69540,银
69525,银
69521,银
69510,银
69497,银
69495,银
69490,银
69485,银
69477,银
69474,银
69465,银
69461,银
69459,银
69454,银
69452,银
69449,银
69443,银
69439,银
69421,银
69418,银
69414,银
69403,银
69399,银
69397,银
69395,银
69390,银
69381,银
69379,银
69373,银
69362,银
69355,银
69344,银
69342,银
69338,银
69326,银
69321,银
69315,银
69300,银
69299,银
69298,银
69296,银
69286,银
69284,银
69283,银
69274,银
69271,银
69267,银
69266,银
69264,银
69258,银
69257,银
69255,银
69254,银
69251,银
69248,银
69238,银
69229,银
69224,银
69220,银
69215,银
69203,银
69196,银
69194,银
69193,银
69189,银
69188,银
69181,银
69168,银
69164,银
69159,银
69152,银
69147,银
69142,银
69141,银
69135,银
69133,银
69130,银
69128,银
69125,银
69121,银
69112,银
69109,银
69106,银
69104,银
69097,银
69084,银
69079,银
69078,银
69072,银
69071,银
69069,银
69068,银
69058,银
69043,银
69042,银
69041,银
69037,银
69025,银
69014,银
69002,银
68986,银
68982,银
68979,银
68972,银
68955,银
68949,银
68947,银
68940,银
68939,银
68924,银
68922,银
68906,银
68900,银
68898,银
68895,银
68887,银
68875,银
68865,银
68863,银
68856,画布
68844,银
68839,银
68833,银
68826,银
68815,银
68812,银
68810,银
68806,银
68796,银
68790,银
68788,银
68786,银
68782,银
68772,银
68770,银
68768,银
68765,银
68763,银
68759,银
68758,银
68757,银
68756,银
68755,银
68753,银
68740,银
68734,银
68719,银
68715,银
68711,银
68710,银
68708,银
68673,银
68672,银
68667,银
68664,银
68663,银
68650,银
68648,银
68647,银
68644,银
68642,银
68640,银
68639,银
68637,银
68636,银
68630,银
68627,银
68608,银
68607,银
68605,银
68603,银
68595,银
68593,银
68582,银
68578,
68572,纸
68560,银
68559,银
68554,银
68547,银
68535,银
68531,银
68524,银
68518,银
68510,银
68504,银
68502,银
68498,银
68491,银
68490,银
68486,银
68484,银
68483,银
68475,银
68467,银
68466,银
68465,银
68463,银
68459,银
68454,银
68450,银
68443,银
68442,银
68434,银
68429,银
68426,银
68422,银
68415,银
68403,银
68394,银
68392,银
68391,银
68387,银
68385,银
68375,银
68368,陶瓷
68360,银
68350,银
68347,银
68345,银
68344,银
68333,银
68331,银
68319,银
68317,银
68313,银
68309,银
68307,银
68299,银
68295,银
68287,银
68281,银
68275,银
68274,银
68272,银
68256,银
68234,银
68218,银
68206,银
68203,银
68199,银
68189,银
68187,银
68185,银
68173,银
68172,银
68156,银
68145,银
68143,银
68140,银
68133,银
68132,银
68125,银
68120,银
68118,银
68116,银
68109,银
68106,银
68104,银
68092,银
68091,银
68090,银
68087,银
68085,银
68080,银
68070,银
68066,银
68059,银
68058,银
68051,银
68045,银
68039,银
68029,银
68022,银
68020,银
68009,银
68004,银
67992,银
67990,银
67974,银
67971,银
67954,银
67953,银
67951,银
67938,银
67935,银
67925,银
67916,银
67911,银
67908,银
67895,银
67893,银
67884,银
67875,银
67870,银
67857,银
67852,银
67839,银
67838,银
67837,银
67830,银
67824,银
67818,银
67806,银
67796,银
67795,银
67794,银
67773,银
67771,银
67770,银
67769,银
67768,银
67767,银
67766,银
67750,银
67748,银
67737,银
67736,银
67722,银
67718,银
67713,银
67711,银
67710,银
67700,银
67699,银
67690,银
67685,银
67684,银
67682,银
67676,银
67666,银
67665,银
67662,银
67660,银
67653,银
67646,银
67643,银
67637,银
67636,银
67633,银
67628,银
67626,银
67625,银
67624,银
67623,银
67621,银
67618,银
67595,银
67594,银
67589,银
67587,银
67586,银
67584,银
67574,银
67573,银
67569,银
67568,银
67567,银
67563,银
67555,银
67554,银
67546,银
67543,银
67539,银
67537,银
67535,银
67528,银
67525,银
67524,银
67522,银
67521,银
67520,银
67510,银
67506,银
67502,银
67501,银
67495,银
67488,银
67487,银
67477,银
67467,银
67461,银
67458,银
67457,银
67446,银
67445,银
67444,银
67423,银
67421,银
67418,银
67410,银
67406,银
67399,银
67391,银
67390,银
67389,银
67386,银
67383,银
67380,银
67372,银
67368,银
67365,银
67364,银
67362,银
67359,银
67346,银
67340,
67336,
67333,
67305,
67295,
67293,
67291,
67287,
67286,
67284,
67283,
67274,
67259,
67257,
67255,
67250,
67243,
67241,
67238,
67221,
67219,
67210,
67209,
65857,银
65722,
65653,银
65650,
65645,银
65642,银
65641,银
65640,银
65587,
65582,
65580,
65578,
65576,
65569,
65568,
65567,
65544,银
65540,银
65530,
65519,银
65518,银
65515,银
65510,银
65507,银
65503,银
65499,银
65493,银
65490,银
65486,银
65480,银
65477,银
65476,银
65474,银
65466,银
65456,银
65451,银
65449,银
65448,银
65433,银
65420,银
65418,银
65417,银
65416,银
65297,
65292,
65289,
65287,
65285,
65283,
65272,
65254,
65250,
65247,
65243,
65221,
65204,
65198,
65193,墨水
65191,墨水
65190,墨水
65186,墨水
65185,墨水
65181,墨水
65173,墨水
65171,墨水
65167,陶器
65151,金
65141,
65136,
65135,
65128,
65124,
65106,
65096,金
65094,金
65084,金
65078,银
65075,
65072,
65068,
65066,
65063,
65058,
65056,
65043,
65041,
65040,
65032,
65029,
65027,
65019,
65017,
65015,
65009,
65003,
64697,油
64684,丝绸
64681,油
64675,纸
64674,
64672,
64633,
64632,
64627,
64626,
64620,
64616,
64614,
64612,
64603,
64601,
64594,
64588,
64581,
64578,
64574,
64573,银
64568,
64563,
64561,
64559,
64550,
64540,
64535,
64533,
64528,
64513,
64512,
64509,
64508,
64491,
64490,
64486,
64483,
64480,
64476,
64475,
64471,
64463,
64462,
64460,
64450,
64449,
64446,
64437,
64431,
64429,
64417,墨水
64413,墨水
64411,水墨
64371,
64353,金
64344,银
64343,银
62942,银
62941,银
62934,银
62927,银
62916,
62908,青铜
62873,棉花
62856,瓷
62845,木头
62766,石头
62756,石头
62752,石头
62750,石头
62747,石头
62746,石头
62731,木头
62725,石头
62721,石头
62717,石头
62702,石头
62692,石头
62687,
62677,
62667,木头
62666,木头
62663,木头
62660,木头
62659,木头
62650,木头
62644,木头
62643,木头
62641,木头
62634,木头
62631,木头
62627,木头
62618,油
62616,木头
62611,木头
62605,木头
62597,木头
62596,木头
62590,木头
62568,木头
62567,木头
62548,木头
62539,
62521,木头
62362,油
62341,油
62337,油
62332,水墨
62331,水墨
62327,水墨
62310,水墨
62304,水墨
62300,水墨
62294,水墨
62285,水墨
62270,水墨
62258,水墨
62257,水墨
62253,水墨
62249,水墨
62246,水墨
62233,木头
62220,水墨
62219,水墨
62217,水墨
62211,木头
62210,水墨
62198,水墨
62196,水墨
62188,水墨
62181,水墨
62180,水墨
62174,水墨
62170,水墨
62169,水墨
62162,水墨
62142,水墨
62106,水墨
62104,水墨
62098,水墨
62093,水墨
62091,水墨
62073,水墨
62071,水墨
62068,水墨
62067,水墨
62066,水墨
62062,水墨
62061,水墨
62050,水墨
62046,墨水
62044,墨水
62038,水墨
62037,水墨
62031,水墨
62021,金
62008,墨水
62001,水墨
61998,水墨
61993,水墨
61985,水墨
61983,水墨
61981,水墨
61980,水墨
61977,水墨
61920,木头
61910,
61906,水墨
61901,水墨
61895,水墨
61894,水墨
61891,水墨
61887,丝绸
61883,丝绸
61873,水墨
61871,水墨
61865,水墨
61852,墨水
61832,石头
61829,水墨
61828,水墨
61825,水墨
61824,水墨
61821,水墨
61814,水墨
61811,水墨
61808,丝绸
61792,水墨
61785,丝绸
61781,丝绸
61780,丝绸
61775,水墨
61772,水墨
61762,水墨
61735,水墨
61732,水墨
61731,水墨
61728,丝绸
61726,丝绸
61725,丝绸
61721,丝绸
61717,水墨
61711,水墨
61709,水墨
61700,水墨
61699,水墨
61693,丝绸
61692,丝绸
61688,丝绸
61674,丝绸
61672,丝绸
61661,水墨
61652,水墨
61651,水墨
61650,水墨
61642,水墨
61641,水墨
61637,水墨
61636,水墨
61631,水墨
61626,水墨
61625,水墨
61620,水墨
61613,水墨
61604,水墨
61506,木头
61504,木头
61472,木头
61451,陶瓷
61272,水墨
61136,玻璃
61108,瓷
61099,棉花
61091,木头
61053,
61052,水墨
61013,玻璃
60801,水墨
60788,银
60785,金
60758,
60606,
60599,银
60598,银
60586,墨水
60582,蛋彩
60580,蛋彩
60558,石头
60542,
60531,丙烯
60526,丙烯
60525,
60494,
60488,
60482,
60474,木头
60451,
60446,银
60433,黄铜
60423,丝绸
60415,丝绸
60407,丝绸
60405,丝绸
60395,丝绸
60381,丝绸
60376,丝绸
60375,丝绸
60373,丝绸
60369,丝绸
60367,丝绸
60366,丝绸
60365,丝绸
60356,丝绸
60354,丝绸
60353,丝绸
60329,丝绸
60328,丝绸
60322,丝绸
60320,丝绸
60314,丝绸
60304,丝绸
60301,丝绸
60295,丝绸
60293,丝绸
60290,丝绸
59960,青铜
59959,青铜
59953,
59933,玻璃
59932,玻璃
59930,玻璃
59917,
59905,
59896,
59893,
59892,
59883,
59877,
59875,
59873,
59863,
59862,
59861,
59860,
59857,
59852,
59846,
59833,
59829,
59824,
59822,
59817,
59810,青铜
59808,青铜
59803,青铜
59802,青铜
59790,青铜
59789,青铜
59783,青铜
59779,青铜
59772,
59766,银
59722,纸
59636,玻璃
59632,玻璃
59630,玻璃
59614,玻璃
59607,石头
59602,
59601,
59595,
59588,
59583,玻璃
59581,玻璃
59579,玻璃
59576,玻璃
59575,玻璃
59569,玻璃
59567,玻璃
59563,玻璃
59562,玻璃
59561,玻璃
59557,玻璃
59556,玻璃
59555,玻璃
59552,玻璃
59542,玻璃
59540,玻璃
59539,玻璃
59530,青铜
59528,青铜
59522,青铜
59517,
59515,
59514,
59508,
59496,青铜
59491,陶瓷
59485,陶瓷
59481,陶瓷
59480,陶瓷
59473,陶瓷
59469,陶瓷
59456,陶瓷
59453,陶瓷
59450,陶瓷
59447,陶瓷
59443,陶瓷
59426,陶瓷
59421,陶瓷
59416,陶瓷
59412,木头
59408,木头
59405,陶瓷
59393,陶瓷
59390,陶瓷
59388,陶瓷
59385,陶瓷
59384,陶瓷
59383,陶瓷
59371,陶瓷
59360,青铜
59351,青铜
59344,青铜
59339,青铜
59330,玻璃
59324,玻璃
59322,玻璃
59309,陶瓷
59119,陶瓷
59105,玻璃
59092,陶瓷
59088,陶瓷
59082,陶瓷
59080,陶瓷
58896,
58890,墨水
58874,银
58866,银
58860,银
58412,蛋彩
58406,银
58405,银
58399,银
58384,银
58383,银
58346,银
58340,银
58323,
58321,
58307,青铜
58287,墨水
58280,墨水
58279,墨水
58278,墨水
58275,墨水
58274,墨水
58269,墨水
58265,墨水
58152,银
58150,银
58143,银
58135,银
58122,银
58120,银
58118,银
58115,银
58107,银
58103,银
58098,银
58096,银
58095,银
58094,银
58085,银
58080,
58071,
58058,银
58057,银
58046,
58045,瓷
57988,木头
57960,水粉
57947,陶瓷
57946,陶瓷
57933,
57920,
57917,
57896,
57894,
57873,银
57869,银
57862,墨水
57853,墨水
57839,墨水
57837,墨水
57835,墨水
57833,墨水
57832,墨水
57829,墨水
57826,墨水
57825,墨水
57819,墨水
57804,水墨
57803,水墨
57798,水墨
57780,水墨
57775,水墨
57752,花岗岩
57751,丙烯
57725,木头
57717,木头
57695,墨水
57683,墨水
57678,墨水
57674,墨水
57670,墨水
57660,墨水
57658,墨水
57656,墨水
57655,墨水
57654,墨水
57643,墨水
57642,墨水
57632,墨水
57624,墨水
57613,墨水
57610,墨水
57609,墨水
57607,墨水
57603,墨水
57584,墨水
57573,墨水
57555,墨水
57528,墨水
57520,墨水
57517,墨水
57511,墨水
57509,墨水
57508,墨水
57496,墨水
57473,水墨
57471,水墨
57385,玻璃
57383,玻璃
57374,玻璃
57371,玻璃
57369,玻璃
57367,玻璃
57348,玻璃
57346,玻璃
57344,玻璃
57343,玻璃
57341,玻璃
57339,玻璃
57233,
57232,
57211,
57165,
57130,
57122,大理石
57118,水墨
57117,油
57108,
57080,瓷
57039,银
57035,银
57021,
57020,银
57012,银
57010,银
57007,银
56998,银
56991,银
56980,银
56973,银
56966,银
56964,银
56954,银
56949,银
56946,银
56944,银
56939,银
56933,银
56926,银
56923,银
56911,银
56899,银
56898,银
56894,银
56892,银
56891,银
56889,银
56887,银
56884,银
56875,银
56874,银
56872,银
56867,银
56865,银
56862,银
56844,
56841,银
56839,银
56837,银
56834,银
56826,银
56822,银
56819,银
56815,银
56802,银
56800,银
56793,银
56789,银
56788,银
56787,银
56779,银
56778,银
56777,银
56774,银
56763,银
56755,银
56754,银
56753,银
56751,银
56744,银
56741,银
56734,银
56733,银
56729,银
56728,银
56721,银
56718,银
56714,银
56710,银
56706,银
56695,银
56694,银
56684,银
56683,银
56675,银
56665,银
56656,银
56653,银
56647,银
56633,银
56630,银
56626,银
56622,银
56609,银
56607,银
56606,银
56605,银
56604,银
56601,银
